Study_Key,taxasizegroupbroad,ecoregion.x,Species,groupPOO,richness,bodysizegroups,Year,MartenSpecies,Type,Sample.Size,Sample.Type,State_Province,Season,Lat,Long,Full.citation,ecoregion.y,aveelev,geometry,shannon,
Andruskiw_2003,Birds,Northern Forests,American marten,10.97560976,1,1,2003,American marten,Fecal sort,181,Scat,Ontario,All,50.6333,-93.2166,"Andruskiw, M., 2003. Prey abundance, availability, and anxiety in structured environments (Doctoral dissertation, University of Guelph).",Northern Forests,368.6555911,c(-93.2166, 50.6333),1.25296923
Andruskiw_2003,Mammals,Northern Forests,American marten,89.02439024,3,2,2003,American marten,Fecal sort,181,Scat,Ontario,All,50.6333,-93.2166,"Andruskiw, M., 2003. Prey abundance, availability, and anxiety in structured environments (Doctoral dissertation, University of Guelph).",Northern Forests,368.6555911,c(-93.2166, 50.6333),1.25296923
Baker_1992,Birds,Marine West Coast Forest,Pacific marten ,6.303116147,1,1,1992,Pacific marten ,Fecal sort,126,Scat,British Columbia,All,49.0166,-124.1333,"Baker, J.M., 1992. Habitat use and spatial organization of pine marten on southern Vancouver Island, British Columbia (Doctoral dissertation, Theses (Dept. of Biological Sciences)/Simon Fraser University).",Marine West Coast Forest,638.8934911,c(-124.1333, 49.0166),0
Baker_1992,Mammals,Marine West Coast Forest,Pacific marten ,33.35694051,1,1,1992,Pacific marten ,Fecal sort,126,Scat,British Columbia,All,49.0166,-124.1333,"Baker, J.M., 1992. Habitat use and spatial organization of pine marten on southern Vancouver Island, British Columbia (Doctoral dissertation, Theses (Dept. of Biological Sciences)/Simon Fraser University).",Marine West Coast Forest,638.8934911,c(-124.1333, 49.0166),0
Bateman_1986,Birds,Northern Forests,American marten,8.633093525,2,1,1986,American marten,Fecal sort,56,Scat,Newfoundland,Winter,48.509,-58.2469,"Bateman, M.C., 1986. Winter habitat use, food habits and home range size of the marten, Martes americana, in western Newfoundland. Canadian field-naturalist. Ottawa ON, 100(1), pp.58-62.",Northern Forests,147.5405046,c(-58.2469, 48.509),1.337786581
Bateman_1986,Mammals,Northern Forests,American marten,87.05035971,6,3,1986,American marten,Fecal sort,56,Scat,Newfoundland,Winter,48.509,-58.2469,"Bateman, M.C., 1986. Winter habitat use, food habits and home range size of the marten, Martes americana, in western Newfoundland. Canadian field-naturalist. Ottawa ON, 100(1), pp.58-62.",Northern Forests,147.5405046,c(-58.2469, 48.509),1.337786581
Bull_2000,Birds,Northwestern Forested Mountains,Pacific marten,11.39684395,1,1,2000,Pacific marten,Fecal sort,1014,Scat,Oregon,All,45.0877,-117.1766,"Bull, E.L., 2000. Seasonal and sexual differences in American marten diet in northeastern Oregon. Northwest science., 74(3), pp.186-191.",Northwestern Forested Mountains,2123.262934,c(-117.1766, 45.0877),1.571931825
Bull_2000,Mammals,Northwestern Forested Mountains,Pacific marten,65.40035067,11,2,2000,Pacific marten,Fecal sort,1014,Scat,Oregon,All,45.0877,-117.1766,"Bull, E.L., 2000. Seasonal and sexual differences in American marten diet in northeastern Oregon. Northwest science., 74(3), pp.186-191.",Northwestern Forested Mountains,2123.262934,c(-117.1766, 45.0877),1.571931825
Buskirk_1984,Birds,Northwestern Forested Mountains,American marten,7.22263589,1,1,1984,American marten,Fecal sort,467,Scat,Alaska,All,62.828,-148.496,"Buskirk, S.W. and MacDonald, S.O., 1984. Seasonal food habits of marten in south-central Alaska. Canadian Journal of Zoology, 62(5), pp.944-950.",Northwestern Forested Mountains,711.747484,c(-148.496, 62.828),0.393787104
Buskirk_1984,Mammals,Northwestern Forested Mountains,American marten,75.42814594,5,3,1984,American marten,Fecal sort,467,Scat,Alaska,All,62.828,-148.496,"Buskirk, S.W. and MacDonald, S.O., 1984. Seasonal food habits of marten in south-central Alaska. Canadian Journal of Zoology, 62(5), pp.944-950.",Northwestern Forested Mountains,711.747484,c(-148.496, 62.828),0.393787104
Campbell_1979,Birds,Northwestern Forested Mountains,Pacific marten,6.25,1,1,1979,Pacific marten,Fecal sort,145,Scat,Wyoming,Summer,43.7413,-110.4826,"Campbell, T.M., 1979. Short-term effects of timber harvests on pine marten ecology (Doctoral dissertation, Colorado State University).",Northwestern Forested Mountains,2398.45152,c(-110.4826, 43.7413),1.402488023
Campbell_1979,Mammals,Northwestern Forested Mountains,Pacific marten,70.3125,7,1,1979,Pacific marten,Fecal sort,145,Scat,Wyoming,Summer,43.7413,-110.4826,"Campbell, T.M., 1979. Short-term effects of timber harvests on pine marten ecology (Doctoral dissertation, Colorado State University).",Northwestern Forested Mountains,2398.45152,c(-110.4826, 43.7413),1.402488023
Carlson_2014,Birds,Northern Forests,American marten,12.21789883,2,1,2014,American marten,Fecal sort,70,Scat,Wisconsin,Winter,46.2084,-90.9057,"Carlson, J.E., Gilbert, J.H., Pokallus, J.W., Manlick, P.J., Moss, W.E. and Pauli, J.N., 2014. Potential role of prey in the recovery of American martens to Wisconsin. The Journal of Wildlife Management, 78(8), pp.1499-1504.",Northern Forests,448.7203626,c(-90.9057, 46.2084),1.567524195
Carlson_2014,Mammals,Northern Forests,American marten,86.692607,9,3,2014,American marten,Fecal sort,70,Scat,Wisconsin,Winter,46.2084,-90.9057,"Carlson, J.E., Gilbert, J.H., Pokallus, J.W., Manlick, P.J., Moss, W.E. and Pauli, J.N., 2014. Potential role of prey in the recovery of American martens to Wisconsin. The Journal of Wildlife Management, 78(8), pp.1499-1504.",Northern Forests,448.7203626,c(-90.9057, 46.2084),1.567524195
CoastRange_2025,Birds,Northwestern Forested Mountains,Pacific marten,23.21428571,5,1,2025,Pacific marten,DNA metabarcoding,39,Scat,California,Summer,41.426879,-123.684241,This Study,Northwestern Forested Mountains,1016.803316,c(-123.684241, 41.426879),2.255674583
CoastRange_2025,Mammals,Northwestern Forested Mountains,Pacific marten,71.42857143,8,2,2025,Pacific marten,DNA metabarcoding,39,Scat,California,Summer,41.426879,-123.684241,This Study,Northwestern Forested Mountains,1016.803316,c(-123.684241, 41.426879),2.255674583
CoastRange_2025,Reptiles,Northwestern Forested Mountains,Pacific marten,2.678571429,1,1,2025,Pacific marten,DNA metabarcoding,39,Scat,California,Summer,41.426879,-123.684241,This Study,Northwestern Forested Mountains,1016.803316,c(-123.684241, 41.426879),2.255674583
Cowan_1950,Birds,Northwestern Forested Mountains,Hybrid zone,4.436860068,1,1,1950,Hybrid zone,Fecal sort,200,Scat,"Alberta, British Columbia",All,52.057,-117.06,"Cowan, I.M. and Mackay, R.H., 1950. Food habits of the marten (Martes americana) in the Rocky Mountain region of Canada. Can Field-Nat, 64, pp.100-4.",Northwestern Forested Mountains,2174.180258,c(-117.06, 52.057),2.130901854
Cowan_1950,Mammals,Northwestern Forested Mountains,Hybrid zone,84.3003413,15,2,1950,Hybrid zone,Fecal sort,200,Scat,"Alberta, British Columbia",All,52.057,-117.06,"Cowan, I.M. and Mackay, R.H., 1950. Food habits of the marten (Martes americana) in the Rocky Mountain region of Canada. Can Field-Nat, 64, pp.100-4.",Northwestern Forested Mountains,2174.180258,c(-117.06, 52.057),2.130901854
Cumberland_2001,Birds,Northern Forests,American marten,16.48106904,3,1,2001,American marten,Stomach,594,Stomach,New Brunswick,Winter,48.0405,-67.2652,"Cumberland, R.E., Dempsey, J.A. and Forbes, G.J., 2001. Should diet be based on biomass? Importance of larger prey to the American marten. Wildlife Society Bulletin, pp.1125-1130.",Northern Forests,336.714094,c(-67.2652, 48.0405),1.609813572
Cumberland_2001,Mammals,Northern Forests,American marten,75.72383073,7,3,2001,American marten,Stomach,594,Stomach,New Brunswick,Winter,48.0405,-67.2652,"Cumberland, R.E., Dempsey, J.A. and Forbes, G.J., 2001. Should diet be based on biomass? Importance of larger prey to the American marten. Wildlife Society Bulletin, pp.1125-1130.",Northern Forests,336.714094,c(-67.2652, 48.0405),1.609813572
Douglass_1983,Birds,Taiga,American marten,2.911931818,1,1,1983,American marten,Fecal sort,172,Scat,Northwest Territories,"Spring, Fall, Winter",65.7591,-127.7574,"Douglass, R.J., Fisher, L.G. and Mair, M., 1983. Habitat selection and food habits of marten, Martes americana, in the Northwest Territories. Canadian Field-Naturalist.",Taiga,220.0872428,c(-127.7574, 65.7591),1.550628451
Douglass_1983,Mammals,Taiga,American marten,72.65625,6,1,1983,American marten,Fecal sort,172,Scat,Northwest Territories,"Spring, Fall, Winter",65.7591,-127.7574,"Douglass, R.J., Fisher, L.G. and Mair, M., 1983. Habitat selection and food habits of marten, Martes americana, in the Northwest Territories. Canadian Field-Naturalist.",Taiga,220.0872428,c(-127.7574, 65.7591),1.550628451
Drew_1997,Birds,Northern Forests,American marten,13.16415543,1,1,1997,American marten,Fecal sort,42,Scat,Newfoundland,Winter,48.3854,-57.8283,"Drew, G.S. and Bissonette, J.A., 1997. Winter activity patterns of American martens (Martes americana): rejection of the hypothesis of thermal-cost minimization. Canadian Journal of Zoology, 75(5), pp.812-816.",Northern Forests,355.8539177,c(-57.8283, 48.3854),1.333331821
Drew_1997,Mammals,Northern Forests,American marten,86.83584457,5,3,1997,American marten,Fecal sort,42,Scat,Newfoundland,Winter,48.3854,-57.8283,"Drew, G.S. and Bissonette, J.A., 1997. Winter activity patterns of American martens (Martes americana): rejection of the hypothesis of thermal-cost minimization. Canadian Journal of Zoology, 75(5), pp.812-816.",Northern Forests,355.8539177,c(-57.8283, 48.3854),1.333331821
Eriksson_2019,Birds,Marine West Coast Forest,Pacific marten,14.5473574,3,1,2019,Pacific marten,DNA metabarcoding,90,Scat,Oregon,"Spring, Fall, Winter",43.7,-124.1666,"Eriksson, C.E., Moriarty, K.M., Linnell, M.A. and Levi, T., 2019. Biotic factors influencing the unexpected distribution of a Humboldt marten (Martes caurina humboldtensis) population in a young coastal forest. PloS one, 14(5), p.e0214653.",Marine West Coast Forest,26.40856313,c(-124.1666, 43.7),2.003587598
Eriksson_2019,Mammals,Marine West Coast Forest,Pacific marten,25.56253271,7,2,2019,Pacific marten,DNA metabarcoding,90,Scat,Oregon,"Spring, Fall, Winter",43.7,-124.1666,"Eriksson, C.E., Moriarty, K.M., Linnell, M.A. and Levi, T., 2019. Biotic factors influencing the unexpected distribution of a Humboldt marten (Martes caurina humboldtensis) population in a young coastal forest. PloS one, 14(5), p.e0214653.",Marine West Coast Forest,26.40856313,c(-124.1666, 43.7),2.003587598
Francis_1958,Birds,Northern Forests,American marten,11.17845118,1,1,1958,American marten,Fecal sort,946,Scat,Ontario,"Summer, Fall",45.5937,-78.5255,"Francis, G.R., 1958. Ecological studies of marten (Martes americana) in Algonquin Park, Ontario (Doctoral dissertation, University of British Columbia).",Northern Forests,458.7038082,c(-78.5255, 45.5937),1.867956691
Francis_1958,Mammals,Northern Forests,American marten,52.25589226,11,3,1958,American marten,Fecal sort,946,Scat,Ontario,"Summer, Fall",45.5937,-78.5255,"Francis, G.R., 1958. Ecological studies of marten (Martes americana) in Algonquin Park, Ontario (Doctoral dissertation, University of British Columbia).",Northern Forests,458.7038082,c(-78.5255, 45.5937),1.867956691
Fuller_2005,Birds,Northern Forests,American marten,3.252747253,1,1,2005,American marten,Fecal sort,229,Scat,Maine,All,45.8175,-62.2448,"Fuller, A.K. and Harrison, D.J., 2005. Influence of partial timber harvesting on American martens in north?central Maine. The Journal of Wildlife Management, 69(2), pp.710-722.",Northern Forests,-19.05178446,c(-62.2448, 45.8175),1.554547347
Fuller_2005,Mammals,Northern Forests,American marten,67.56043956,6,2,2005,American marten,Fecal sort,229,Scat,Maine,All,45.8175,-62.2448,"Fuller, A.K. and Harrison, D.J., 2005. Influence of partial timber harvesting on American martens in north?central Maine. The Journal of Wildlife Management, 69(2), pp.710-722.",Northern Forests,-19.05178446,c(-62.2448, 45.8175),1.554547347
Gordon_1986,Birds,Northwestern Forested Mountains,Pacific marten,4.511677282,1,1,1986,Pacific marten,Stomach,47,Stomach,Colorado,Winter,40.7057,-105.6694,"Gordon, C.C., 1986. Winter food habits of the pine marten in Colorado. The Great Basin Naturalist, pp.166-168.",Northwestern Forested Mountains,2820.539514,c(-105.6694, 40.7057),1.367340396
Gordon_1986,Fishes,Northwestern Forested Mountains,Pacific marten,3.397027601,1,1,1986,Pacific marten,Stomach,47,Stomach,Colorado,Winter,40.7057,-105.6694,"Gordon, C.C., 1986. Winter food habits of the pine marten in Colorado. The Great Basin Naturalist, pp.166-168.",Northwestern Forested Mountains,2820.539514,c(-105.6694, 40.7057),1.367340396
Gordon_1986,Mammals,Northwestern Forested Mountains,Pacific marten,84.18259023,7,3,1986,Pacific marten,Stomach,47,Stomach,Colorado,Winter,40.7057,-105.6694,"Gordon, C.C., 1986. Winter food habits of the pine marten in Colorado. The Great Basin Naturalist, pp.166-168.",Northwestern Forested Mountains,2820.539514,c(-105.6694, 40.7057),1.367340396
Gosse_2005,Birds,Northern Forests,American marten,7.407407407,1,1,2005,American marten,"Fecal sort, stomach",704,"Scat, stomach",Newfoundland,All,48.6333,-57.8333,"Gosse, J.W. and Hearn, B.J., 2005. Seasonal diets of Newfoundland martens, Martes americana atrata. The Canadian Field-Naturalist, 119(1), pp.43-47.",Northern Forests,336.2701987,c(-57.8333, 48.6333),1.05055788
Gosse_2005,Mammals,Northern Forests,American marten,83.16498316,5,3,2005,American marten,"Fecal sort, stomach",704,"Scat, stomach",Newfoundland,All,48.6333,-57.8333,"Gosse, J.W. and Hearn, B.J., 2005. Seasonal diets of Newfoundland martens, Martes americana atrata. The Canadian Field-Naturalist, 119(1), pp.43-47.",Northern Forests,336.2701987,c(-57.8333, 48.6333),1.05055788
Hales_2008,Birds,Northern Forests,American marten,4.608853851,1,1,2008,American marten,Stomach,151,Stomach,Michigan,Winter,45.75,-84.25,"Hales, A.L., Belant, J.L. and Bird, J., 2008. Effects of Sex and Age on Winter Diet of American Martens in Michigan. Ohio Journal of Science, 108(4).",Northern Forests,175.1208714,c(-84.25, 45.75),1.871594903
Hales_2008,Mammals,Northern Forests,American marten,95.1788963,9,3,2008,American marten,Stomach,151,Stomach,Michigan,Winter,45.75,-84.25,"Hales, A.L., Belant, J.L. and Bird, J., 2008. Effects of Sex and Age on Winter Diet of American Martens in Michigan. Ohio Journal of Science, 108(4).",Northern Forests,175.1208714,c(-84.25, 45.75),1.871594903
Hargis_1984,Birds,Northwestern Forested Mountains,Pacific marten,13.4502924,1,1,1984,Pacific marten,Fecal sort,91,Scat,California,Winter,37.8721,-119.3476,"Hargis, C.D. and McCullough, D.R., 1984. Winter diet and habitat selection of marten in Yosemite National Park. The Journal of wildlife management, pp.140-146.",Northwestern Forested Mountains,2951.925278,c(-119.3476, 37.8721),1.686609781
Hargis_1984,Fishes,Northwestern Forested Mountains,Pacific marten,2.923976608,1,1,1984,Pacific marten,Fecal sort,91,Scat,California,Winter,37.8721,-119.3476,"Hargis, C.D. and McCullough, D.R., 1984. Winter diet and habitat selection of marten in Yosemite National Park. The Journal of wildlife management, pp.140-146.",Northwestern Forested Mountains,2951.925278,c(-119.3476, 37.8721),1.686609781
Hargis_1984,Mammals,Northwestern Forested Mountains,Pacific marten,69.59064327,11,3,1984,Pacific marten,Fecal sort,91,Scat,California,Winter,37.8721,-119.3476,"Hargis, C.D. and McCullough, D.R., 1984. Winter diet and habitat selection of marten in Yosemite National Park. The Journal of wildlife management, pp.140-146.",Northwestern Forested Mountains,2951.925278,c(-119.3476, 37.8721),1.686609781
Koehler_1977,Birds,Northwestern Forested Mountains,Hybrid zone,3.333333333,1,1,1977,Hybrid zone,Fecal sort,129,Scat,Idaho,"Summer, winter",46.2758,-115.0777,"Koehler, G.M. and Hornocker, M.G., 1977. Fire effects on marten habitat in the Selway-Bitterroot Wilderness. The Journal of Wildlife Management, pp.500-505.",Northwestern Forested Mountains,1799.768966,c(-115.0777, 46.2758),1.640255865
Koehler_1977,Mammals,Northwestern Forested Mountains,Hybrid zone,78.66666667,9,2,1977,Hybrid zone,Fecal sort,129,Scat,Idaho,"Summer, winter",46.2758,-115.0777,"Koehler, G.M. and Hornocker, M.G., 1977. Fire effects on marten habitat in the Selway-Bitterroot Wilderness. The Journal of Wildlife Management, pp.500-505.",Northwestern Forested Mountains,1799.768966,c(-115.0777, 46.2758),1.640255865
Kujawa_2014,Birds,Northern Forests,American marten,8.243727599,1,1,2014,American marten,Fecal sort,22,Scat,Michigan,Summer,44.285,-85.8749,"Kujawa, A., Keenlance, P. and Jacquot, J., 2014. Diet of Kit-rearing female martens in northern Michigan.",Northern Forests,270.6133429,c(-85.8749, 44.285),1.661342453
Kujawa_2014,Mammals,Northern Forests,American marten,60.5734767,8,1,2014,American marten,Fecal sort,22,Scat,Michigan,Summer,44.285,-85.8749,"Kujawa, A., Keenlance, P. and Jacquot, J., 2014. Diet of Kit-rearing female martens in northern Michigan.",Northern Forests,270.6133429,c(-85.8749, 44.285),1.661342453
Kujawa_2014,Reptiles,Northern Forests,American marten,1.792114695,1,1,2014,American marten,Fecal sort,22,Scat,Michigan,Summer,44.285,-85.8749,"Kujawa, A., Keenlance, P. and Jacquot, J., 2014. Diet of Kit-rearing female martens in northern Michigan.",Northern Forests,270.6133429,c(-85.8749, 44.285),1.661342453
Lensink_1955,Birds,Taiga,American marten,9.039548023,1,1,1955,American marten,"Fecal sort, stomach",466,"Scat, stomach",Alaska,All,63.7723,-125.4336,"Lensink, C.J., Skoog, R.O. and Buckley, J.L., 1955. Food habits of marten in interior Alaska and their significance. The Journal of Wildlife Management, 19(3), pp.364-368.",Taiga,683.1118012,c(-125.4336, 63.7723),0
Lensink_1955,Mammals,Taiga,American marten,72.63922518,1,1,1955,American marten,"Fecal sort, stomach",466,"Scat, stomach",Alaska,All,63.7723,-125.4336,"Lensink, C.J., Skoog, R.O. and Buckley, J.L., 1955. Food habits of marten in interior Alaska and their significance. The Journal of Wildlife Management, 19(3), pp.364-368.",Taiga,683.1118012,c(-125.4336, 63.7723),0
Marshall_1946,Birds,Northwestern Forested Mountains,Hybrid zone,7.853403141,1,1,1946,Hybrid zone,Fecal sort,64,Scat,Montana,Winter,48.7567,-114.4262,"Marshall, W.H., 1946. Winter food habits of the pine marten in Montana. Journal of Mammalogy, 27(1), pp.83-84.",Northwestern Forested Mountains,1611.303571,c(-114.4262, 48.7567),1.441714212
Marshall_1946,Mammals,Northwestern Forested Mountains,Hybrid zone,90.57591623,5,3,1946,Hybrid zone,Fecal sort,64,Scat,Montana,Winter,48.7567,-114.4262,"Marshall, W.H., 1946. Winter food habits of the pine marten in Montana. Journal of Mammalogy, 27(1), pp.83-84.",Northwestern Forested Mountains,1611.303571,c(-114.4262, 48.7567),1.441714212
Martin_1987,Mammals,Northwestern Forested Mountains,Pacific marten,58.97887324,7,2,1987,Pacific marten,Fecal sort,100,Scat,California,All,39.4368,-120.2646,"Martin, S.K., 1987. The ecology of the pine marten (Martes americana) at Sagehen Creek, California. University of California, Berkeley.",Northwestern Forested Mountains,2086.09409,c(-120.2646, 39.4368),1.697705889
More_1978,Birds,Taiga,American marten,4.934210526,2,1,1978,American marten,Fecal sort,501,Scat,Alberta,All,60.75,-116.6166,"More, G., 1978. Ecological aspects of food selection in pine marten, Martes americana (Master's thesis, University of Alberta).",Taiga,250.7386197,c(-116.6166, 60.75),1.507491663
More_1978,Mammals,Taiga,American marten,61.95175439,9,2,1978,American marten,Fecal sort,501,Scat,Alberta,All,60.75,-116.6166,"More, G., 1978. Ecological aspects of food selection in pine marten, Martes americana (Master's thesis, University of Alberta).",Taiga,250.7386197,c(-116.6166, 60.75),1.507491663
Murie_1961,Birds,Northwestern Forested Mountains,Pacific marten,4.54195535,1,1,1961,Pacific marten,Fecal sort,528,Scat,Wyoming,Summer,43.6488,-110.7196,"Murie, A., 1961. Some food habits of the marten. Journal of Mammalogy, 42(4), pp.516-521.",Northwestern Forested Mountains,2124.352513,c(-110.7196, 43.6488),1.507333986
Murie_1961,Mammals,Northwestern Forested Mountains,Pacific marten,54.73441109,6,1,1961,Pacific marten,Fecal sort,528,Scat,Wyoming,Summer,43.6488,-110.7196,"Murie, A., 1961. Some food habits of the marten. Journal of Mammalogy, 42(4), pp.516-521.",Northwestern Forested Mountains,2124.352513,c(-110.7196, 43.6488),1.507333986
Nagorsen_1989,Birds,Marine West Coast Forest,Pacific marten,28.21782178,4,1,1989,Pacific marten,Stomach,701,Stomach,British Columbia,Winter,49.6138,-125.7186,"Nagorsen, D.W., Morrison, K.F. and Forsberg, J.E., 1989. Winter diet of Vancouver Island marten (Martes americana). Canadian Journal of Zoology, 67(6), pp.1394-1400.",Marine West Coast Forest,1119.249675,c(-125.7186, 49.6138),1.525722161
Nagorsen_1989,Fishes,Marine West Coast Forest,Pacific marten,21.58415842,1,1,1989,Pacific marten,Stomach,701,Stomach,British Columbia,Winter,49.6138,-125.7186,"Nagorsen, D.W., Morrison, K.F. and Forsberg, J.E., 1989. Winter diet of Vancouver Island marten (Martes americana). Canadian Journal of Zoology, 67(6), pp.1394-1400.",Marine West Coast Forest,1119.249675,c(-125.7186, 49.6138),1.525722161
Nagorsen_1989,Mammals,Marine West Coast Forest,Pacific marten,46.23762376,6,2,1989,Pacific marten,Stomach,701,Stomach,British Columbia,Winter,49.6138,-125.7186,"Nagorsen, D.W., Morrison, K.F. and Forsberg, J.E., 1989. Winter diet of Vancouver Island marten (Martes americana). Canadian Journal of Zoology, 67(6), pp.1394-1400.",Marine West Coast Forest,1119.249675,c(-125.7186, 49.6138),1.525722161
Nagorsen_1991,Birds,Marine West Coast Forest,Pacific marten,44.28121721,6,1,1991,Pacific marten,Stomach,97,Stomach,British Columbia,Winter,52.9296,-132.054,"Nagorsen, D.W., 1991. Winter food habits of marten, Martes americana, on the Queen Charlotte Islands. Canadian Field Naturalist, 105, pp.55-59.",Marine West Coast Forest,328.2792521,c(-132.054, 52.9296),1.761431224
Nagorsen_1991,Fishes,Marine West Coast Forest,Pacific marten,14.06086044,1,1,1991,Pacific marten,Stomach,97,Stomach,British Columbia,Winter,52.9296,-132.054,"Nagorsen, D.W., 1991. Winter food habits of marten, Martes americana, on the Queen Charlotte Islands. Canadian Field Naturalist, 105, pp.55-59.",Marine West Coast Forest,328.2792521,c(-132.054, 52.9296),1.761431224
Nagorsen_1991,Mammals,Marine West Coast Forest,Pacific marten,26.02308499,5,3,1991,Pacific marten,Stomach,97,Stomach,British Columbia,Winter,52.9296,-132.054,"Nagorsen, D.W., 1991. Winter food habits of marten, Martes americana, on the Queen Charlotte Islands. Canadian Field Naturalist, 105, pp.55-59.",Marine West Coast Forest,328.2792521,c(-132.054, 52.9296),1.761431224
Newby_1951,Birds,Northwestern Forested Mountains,Pacific marten,4.069767442,1,1,1951,Pacific marten,"Fecal sort, stomach",112,"Scat, stomach",Washington,All,47.9147,-120.8489,"Newby, F.E., 1951. Ecology of the marten in the Twin Lakes area, Chelan county, Washington (Doctoral dissertation, Washington State University).",Northwestern Forested Mountains,1120.476705,c(-120.8489, 47.9147),2.247163801
Newby_1951,Mammals,Northwestern Forested Mountains,Pacific marten,43.02325581,15,3,1951,Pacific marten,"Fecal sort, stomach",112,"Scat, stomach",Washington,All,47.9147,-120.8489,"Newby, F.E., 1951. Ecology of the marten in the Twin Lakes area, Chelan county, Washington (Doctoral dissertation, Washington State University).",Northwestern Forested Mountains,1120.476705,c(-120.8489, 47.9147),2.247163801
OregonCascades_2025,Amphibians,Northwestern Forested Mountains,Pacific marten,1.526717557,1,1,2025,Pacific marten,DNA metabarcoding,169,Scat,Oregon,"Summer, Fall",43.974806,-121.630253,This Study,Northwestern Forested Mountains,1785.874549,c(-121.630253, 43.974806),2.370129819
OregonCascades_2025,Birds,Northwestern Forested Mountains,Pacific marten,21.3740458,7,1,2025,Pacific marten,DNA metabarcoding,169,Scat,Oregon,"Summer, Fall",43.974806,-121.630253,This Study,Northwestern Forested Mountains,1785.874549,c(-121.630253, 43.974806),2.370129819
OregonCascades_2025,Mammals,Northwestern Forested Mountains,Pacific marten,64.88549618,8,3,2025,Pacific marten,DNA metabarcoding,169,Scat,Oregon,"Summer, Fall",43.974806,-121.630253,This Study,Northwestern Forested Mountains,1785.874549,c(-121.630253, 43.974806),2.370129819
OregonDunes_2025,Birds,Marine West Coast Forest,Pacific marten,27.94117647,6,1,2025,Pacific marten,DNA metabarcoding,135,Scat,Oregon,All,43.83395,-124.162214,This Study,Marine West Coast Forest,4.264642082,c(-124.162214, 43.83395),2.556201393
OregonDunes_2025,Mammals,Marine West Coast Forest,Pacific marten,44.11764706,11,2,2025,Pacific marten,DNA metabarcoding,135,Scat,Oregon,All,43.83395,-124.162214,This Study,Marine West Coast Forest,4.264642082,c(-124.162214, 43.83395),2.556201393
Paragi_1996,Mammals,Taiga,American marten,93.80530973,5,1,1996,American marten,Fecal sort,240,Scat,Alaska,"Spring, winter",64.6666,-154,"Paragi, T.F., Johnson, W., Katnik, D.D. and Magoun, A.J., 1996. Marten selection of postfire seres in the Alaskan taiga. Canadian Journal of Zoology, 74(12), pp.2226-2237.",Taiga,149.229283,c(-154, 64.6666),0.912030821
Poole_1996,Birds,Taiga,Hybrid zone,9.630266552,4,1,1996,Hybrid zone,Stomach,1148,Stomach,Northwest Territories,Winter,65.702457,-127.167673,"Poole, K.G. and Graf, R.P., 1996. Winter diet of marten during a snowshoe hare decline. Canadian Journal of Zoology, 74(3), pp.456-466.",Taiga,326.8208402,c(-127.167673, 65.702457),1.763774949
Poole_1996,Mammals,Taiga,Hybrid zone,81.94325021,9,3,1996,Hybrid zone,Stomach,1148,Stomach,Northwest Territories,Winter,65.702457,-127.167673,"Poole, K.G. and Graf, R.P., 1996. Winter diet of marten during a snowshoe hare decline. Canadian Journal of Zoology, 74(3), pp.456-466.",Taiga,326.8208402,c(-127.167673, 65.702457),1.763774949
Quick_1955,Birds,Taiga,American marten,33.04093567,2,1,1955,American marten,"Fecal sort, stomach",250,"Scat, stomach",British Columbia,All,58.826548,-122.725058,"Quick, H. F. ,1955. Food habits of the marten (Martes americana) in northern British Columbia. Canadian Field Naturalist, 69, 144-147.",Taiga,425.3150543,c(-122.725058, 58.826548),1.303943385
Quick_1955,Mammals,Taiga,American marten,64.42495127,5,2,1955,American marten,"Fecal sort, stomach",250,"Scat, stomach",British Columbia,All,58.826548,-122.725058,"Quick, H. F. ,1955. Food habits of the marten (Martes americana) in northern British Columbia. Canadian Field Naturalist, 69, 144-147.",Taiga,425.3150543,c(-122.725058, 58.826548),1.303943385
Raine_1987,Birds,Northern Forests,American marten,14.2172524,2,1,1987,American marten,Fecal sort,107,Scat,Manitoba,Winter,49.383011,-95.41365,"Raine, R.M., 1987. Winter food habits and foraging behaviour of fishers (Martes pennanti) and martens (Martes americana) in southeastern Manitoba. Canadian Journal of Zoology, 65(3), pp.745-747.",Northern Forests,351.1993443,c(-95.41365, 49.383011),1.270800238
Raine_1987,Mammals,Northern Forests,American marten,76.11821086,6,2,1987,American marten,Fecal sort,107,Scat,Manitoba,Winter,49.383011,-95.41365,"Raine, R.M., 1987. Winter food habits and foraging behaviour of fishers (Martes pennanti) and martens (Martes americana) in southeastern Manitoba. Canadian Journal of Zoology, 65(3), pp.745-747.",Northern Forests,351.1993443,c(-95.41365, 49.383011),1.270800238
Simon_1999,Birds,Northern Forests,American marten,11.56578573,2,1,1999,American marten,Stomach,252,Stomach,Laborador,"Fall, winter",53.533333,-60.15,"Simon, N.P.P, Schwab, F.E., LeCoure, M.I., and Phillips, F.R., 1999. Fall and winter diets of martens, Martes americana, in central Labrador related to small mammal densities. Canadian Field Naturalist, 113(4), pp. 678-680.  ",Northern Forests,27.72852029,c(-60.15, 53.533333),2.163251248
Simon_1999,Fishes,Northern Forests,American marten,4.063654447,1,1,1999,American marten,Stomach,252,Stomach,Laborador,"Fall, winter",53.533333,-60.15,"Simon, N.P.P, Schwab, F.E., LeCoure, M.I., and Phillips, F.R., 1999. Fall and winter diets of martens, Martes americana, in central Labrador related to small mammal densities. Canadian Field Naturalist, 113(4), pp. 678-680.  ",Northern Forests,27.72852029,c(-60.15, 53.533333),2.163251248
Simon_1999,Mammals,Northern Forests,American marten,43.96135266,16,4,1999,American marten,Stomach,252,Stomach,Laborador,"Fall, winter",53.533333,-60.15,"Simon, N.P.P, Schwab, F.E., LeCoure, M.I., and Phillips, F.R., 1999. Fall and winter diets of martens, Martes americana, in central Labrador related to small mammal densities. Canadian Field Naturalist, 113(4), pp. 678-680.  ",Northern Forests,27.72852029,c(-60.15, 53.533333),2.163251248
Slauson_2017,Birds,Northwestern Forested Mountains,Pacific marten,13.2573796,1,1,2017,Pacific marten,Fecal sort,528,Scat,California,All,41.5,-123.75,"Slauson, K.M. and Zielinski, W.J., 2017. Seasonal specialization in diet of the Humboldt marten (Martes caurina humboldtensis) in California and the importance of prey size. Journal of Mammalogy, 98(6), pp.1697-1708.",Northwestern Forested Mountains,963.6732075,c(-123.75, 41.5),1.550830512
Slauson_2017,Mammals,Northwestern Forested Mountains,Pacific marten,32.05592957,8,1,2017,Pacific marten,Fecal sort,528,Scat,California,All,41.5,-123.75,"Slauson, K.M. and Zielinski, W.J., 2017. Seasonal specialization in diet of the Humboldt marten (Martes caurina humboldtensis) in California and the importance of prey size. Journal of Mammalogy, 98(6), pp.1697-1708.",Northwestern Forested Mountains,963.6732075,c(-123.75, 41.5),1.550830512
Slauson_2017,Reptiles,Northwestern Forested Mountains,Pacific marten,5.282237183,2,1,2017,Pacific marten,Fecal sort,528,Scat,California,All,41.5,-123.75,"Slauson, K.M. and Zielinski, W.J., 2017. Seasonal specialization in diet of the Humboldt marten (Martes caurina humboldtensis) in California and the importance of prey size. Journal of Mammalogy, 98(6), pp.1697-1708.",Northwestern Forested Mountains,963.6732075,c(-123.75, 41.5),1.550830512
Slough_1989,Birds,Northwestern Forested Mountains,American marten,8.288148722,1,1,1989,American marten,Fecal sort,597,Scat,Yukon,All,60.75,-133.25,"Slough, B.G., Archibald, W.R., Beare, S.S., and Jessup, R.H., 1989. Food habits of martens, Martes americana, in the south-central Yukon territory. Canadian Field Naturalist, 103, pp.18-23",Northwestern Forested Mountains,1267.738258,c(-133.25, 60.75),1.343968696
Slough_1989,Mammals,Northwestern Forested Mountains,American marten,81.09992254,6,2,1989,American marten,Fecal sort,597,Scat,Yukon,All,60.75,-133.25,"Slough, B.G., Archibald, W.R., Beare, S.S., and Jessup, R.H., 1989. Food habits of martens, Martes americana, in the south-central Yukon territory. Canadian Field Naturalist, 103, pp.18-23",Northwestern Forested Mountains,1267.738258,c(-133.25, 60.75),1.343968696
SouthCascades_2025,Birds,Northwestern Forested Mountains,Pacific marten,2.23880597,1,1,2025,Pacific marten,DNA metabarcoding,81,Scat,California,Fall,40.156417,-121.430063,This Study,Northwestern Forested Mountains,1777.519939,c(-121.430063, 40.156417),1.750271102
SouthCascades_2025,Mammals,Northwestern Forested Mountains,Pacific marten,96.26865672,8,1,2025,Pacific marten,DNA metabarcoding,81,Scat,California,Fall,40.156417,-121.430063,This Study,Northwestern Forested Mountains,1777.519939,c(-121.430063, 40.156417),1.750271102
Soutiere_1979,Birds,Northern Forests,American marten,12.92175162,1,1,1979,American marten,Fecal sort,412,Scat,Maine,All,45.739674,-69.602308,"Soutiere, E.C., 1979. Effects of timber harvesting on marten in Maine. The Journal of Wildlife Management, pp.850-860.",Northern Forests,364.8458304,c(-69.602308, 45.739674),1.570271245
Soutiere_1979,Mammals,Northern Forests,American marten,73.51040919,10,3,1979,American marten,Fecal sort,412,Scat,Maine,All,45.739674,-69.602308,"Soutiere, E.C., 1979. Effects of timber harvesting on marten in Maine. The Journal of Wildlife Management, pp.850-860.",Northern Forests,364.8458304,c(-69.602308, 45.739674),1.570271245
Thompson_1990,Mammals,Northern Forests,American marten,82.45098039,8,2,1990,American marten,"Fecal sort, stomach",1028,"Scat, stomach",Ontario,All,49.25,-85.583333,"Thompson, I.D. and Colgan, P.W., 1990. Prey choice by marten during a decline in prey abundance. Oecologia, 83(4), pp.443-451.",Northern Forests,361.2568627,c(-85.583333, 49.25),1.615557813
Tucker_1988,Birds,Northern Forests,American marten,4.918032787,1,1,1988,American marten,Fecal sort,194,Scat,Newfoundland,All,48.704037,-57.955159,"Tucker, B., 1988. The effects of forest harvesting on small mammals in western Newfoundland and its significance to marten.",Northern Forests,337.493051,c(-57.955159, 48.704037),0.655030161
Tucker_1988,Mammals,Northern Forests,American marten,75.68306011,3,1,1988,American marten,Fecal sort,194,Scat,Newfoundland,All,48.704037,-57.955159,"Tucker, B., 1988. The effects of forest harvesting on small mammals in western Newfoundland and its significance to marten.",Northern Forests,337.493051,c(-57.955159, 48.704037),0.655030161
Weckwerth_1962,Birds,Northwestern Forested Mountains,Hybrid zone,4.752667313,1,1,1962,Hybrid zone,Fecal sort,1758,Scat,Montana,"Spring, summer, winter",48.699967,-114.079065,"Weckwerth, R.P. and Hawley, V.D., 1962. Marten food habits and population fluctuations in Montana. The Journal of Wildlife Management, 26(1), pp.55-74.",Northwestern Forested Mountains,1339.401851,c(-114.079065, 48.699967),1.968387729
Weckwerth_1962,Mammals,Northwestern Forested Mountains,Hybrid zone,61.39670223,14,4,1962,Hybrid zone,Fecal sort,1758,Scat,Montana,"Spring, summer, winter",48.699967,-114.079065,"Weckwerth, R.P. and Hawley, V.D., 1962. Marten food habits and population fluctuations in Montana. The Journal of Wildlife Management, 26(1), pp.55-74.",Northwestern Forested Mountains,1339.401851,c(-114.079065, 48.699967),1.968387729
Wilk_2017,Birds,Northwestern Forested Mountains,Pacific marten,8.943716268,1,1,2017,Pacific marten,Fecal sort,250,Scat,Oregon,"Summer, winter",42.929,-121.153,"Wilk, R.J. and Raphael, M.G., 2017. Food habits of Pacific Marten from scats in south-central Oregon. Northwestern Naturalist, 98(3), pp.243-250.",Northwestern Forested Mountains,1652.674725,c(-121.153, 42.929),1.273648048
Wilk_2017,Mammals,Northwestern Forested Mountains,Pacific marten,65.53585197,11,2,2017,Pacific marten,Fecal sort,250,Scat,Oregon,"Summer, winter",42.929,-121.153,"Wilk, R.J. and Raphael, M.G., 2017. Food habits of Pacific Marten from scats in south-central Oregon. Northwestern Naturalist, 98(3), pp.243-250.",Northwestern Forested Mountains,1652.674725,c(-121.153, 42.929),1.273648048
Zielinski_1983,Birds,Northwestern Forested Mountains,Pacific marten,8.738828203,1,1,1983,Pacific marten,Fecal sort,300,Scat,California,All,39.436291,-120.255707,"Zielinski, W.J., Spencer, W.D. and Barrett, R.H., 1983. Relationship between food habits and activity patterns of pine martens. Journal of Mammalogy, 64(3), pp.387-396.",Northwestern Forested Mountains,2067.826998,c(-120.255707, 39.436291),2.139573681
Zielinski_1983,Mammals,Northwestern Forested Mountains,Pacific marten,60.37735849,12,3,1983,Pacific marten,Fecal sort,300,Scat,California,All,39.436291,-120.255707,"Zielinski, W.J., Spencer, W.D. and Barrett, R.H., 1983. Relationship between food habits and activity patterns of pine martens. Journal of Mammalogy, 64(3), pp.387-396.",Northwestern Forested Mountains,2067.826998,c(-120.255707, 39.436291),2.139573681
Zielinski_2004,Birds,Northwestern Forested Mountains,Pacific marten,9.042553191,1,1,2004,Pacific marten,Fecal sort,150,Scat,California,All,36.208249,-118.71078,"Zielinski, W.J. and Duncan, N.P., 2004. Diets of sympatric populations of American martens (Martes americana) and fishers (Martes pennanti) in California. Journal of Mammalogy, 85(3), pp.470-477.",Northwestern Forested Mountains,1407.929725,c(-118.71078, 36.208249),1.239572392
Zielinski_2004,Mammals,Northwestern Forested Mountains,Pacific marten,27.07930368,9,2,2004,Pacific marten,Fecal sort,150,Scat,California,All,36.208249,-118.71078,"Zielinski, W.J. and Duncan, N.P., 2004. Diets of sympatric populations of American martens (Martes americana) and fishers (Martes pennanti) in California. Journal of Mammalogy, 85(3), pp.470-477.",Northwestern Forested Mountains,1407.929725,c(-118.71078, 36.208249),1.239572392
Zielinski_2004,Reptiles,Northwestern Forested Mountains,Pacific marten,2.272727273,1,1,2004,Pacific marten,Fecal sort,150,Scat,California,All,36.208249,-118.71078,"Zielinski, W.J. and Duncan, N.P., 2004. Diets of sympatric populations of American martens (Martes americana) and fishers (Martes pennanti) in California. Journal of Mammalogy, 85(3), pp.470-477.",Northwestern Forested Mountains,1407.929725,c(-118.71078, 36.208249),1.239572392
