preyitem,species,final_scientific,lowerweight_g,upperweight_g,avgweight_g,Citation,Notes,generalgroup,genus,family,order,class,phylum,commoname,genusgroup,familygroup,ordergroup,taxasizegroup,taxasizegroupbroad
Moose,Alces alces,Alces alces,385,570,477.5,"Albert W. Franzmann, Alces alces, Mammalian Species, Issue 154, 8 May 1981, Pages 1–7, https://doi.org/10.2307/3503876",,Mammals,Alces,Cervidae,Artiodactyla,Mammalia,Chordata,Moose,Moose,Deer and elk,Even-toed ungulates,MammalsLarge,Mammals
Serviceberry,Amelanchier ainifolia,Amelanchier ainifolia,,,0,,Berry,Plants,Amelanchier,Rosaceae,Rosales,Angiosperm,Angiosperm,,,,,Plants,Plants
Wandering salamander,Aneides vagrans,Aneides vagrans,2,5,3.5,https://www.registrelep-sararegistry.gc.ca/virtual_sara/files/cosewic/sr_Wandering%20Salamander_2014_e.pdf,,Amphibians,Aneides,Plethodontidae,Urodela,Amphibia,Chordata,Wandering salamander,Climbing salamanders,Salamanders,Salamanders,Amphibians,Amphibians
Mountain beaver,Aplodontia rufa,Aplodontia rufa,600,1400,1000,"Carraway, L.N. and Verts, B.J., 1993. Aplodontia rufa. Mammalian Species, (431), pp.1-10.",,Mammals,Aplodontia,Aplodontidae,Rodentia,Mammalia,Chordata,Mountain beaver,Mountain beaver,Mountain beaver,Mountain beavers,MammalsSmall,Mammals
Wild sarsparilla,Aralia nudicaulis,Aralia nudicaulis,,,0,,Berry,Plants,Aralia,Araliaceae,Apiales,Magnoliopsida,Angiosperm,,,,,Plants,Plants
White-footed vole,Arborimus albipes,Arborimus albipes,29,29,29,https://explorer.natureserve.org/Taxon/ELEMENT_GLOBAL.2.102121/Arborimus_albipes,,Mammals,Arborimus,Cricetidae,Rodentia,Mammalia,Chordata,White-footed vole,Tree vole,Cricetids,Rodents,MammalsSmall,Mammals
Red tree vole,Arborimus longicaudus,Arborimus longicaudus,25,50,37.5,"Hayes, J.P., 1996. Arborimus longicaudus. Mammalian Species, (532), pp.1-5.",,Mammals,Arborimus,Cricetidae,Rodentia,Mammalia,Chordata,Red tree vole,Tree vole,Cricetids,Rodents,MammalsSmall,Mammals
Red fruit bearberry,Arctostaphylos rubra,Arctostaphylos rubra,,,0,,Berry,Plants,Arctostaphylos,,,,,,,,,Plants,Plants
Bearberry,Arctostaphylos uva-ursi,Arctostaphylos uva-ursi,,,0,,Berry,Plants,Arctostaphylos,Ericaceae,Ericales,Magnoliopsida,Angiosperm,,,,,Plants,Plants
Northern short-tailed shrew,Blarina brevicauda,Blarina brevicauda,29,29,29,https://explorer.natureserve.org/Taxon/ELEMENT_GLOBAL.2.104671/Blarina_brevicauda,,Mammals,Blarina,Soricidae,Euliptophyla,Mammalia,Chordata,Northern short-tailed shrew,Shrew,Shrews,Moles and shrews,MammalsSmall,Mammals
Cedar waxwing,Bombycilla cedrodum,Bombycilla cedrorum,,,,,,Birds,Bombycilla,Bombycillidae,Passeriformes,Aves,Chordata,Animalia,Waxwing,Waxwings,Passerines,BirdsSmall,Birds
Ruffed grouse,Bonasa umbellus,Bonasa umbellus,450,750,600,"Rusch, D. H., S. Destefano, M. C. Reynolds, and D. Lauten (2020). Ruffed Grouse (Bonasa umbellus), version 1.0. In Birds of the World (A. F. Poole and F. B. Gill, Editors). Cornell Lab of Ornithology, Ithaca, NY, USA. https://doi.org/10.2173/bow.rufgro.01",,Birds,Bonasa,Phasianidae,Galliformes,Aves,Chordata,Ruffed grouse,Grouse,Gamebirds,Gamebirds,BirdsMedium,Birds
Domestic cattle,Bos taurus,Bos taurus,558,591.8,574.9,,,Mammals,Bos,Bovidae,Artiodactyla,Mammalia,Chordata,Domestic cattle,Cattle,Bovids,Even-toed ungulates,MammalsLarge,Mammals
Golden-mantled ground squirrel,Callospermophilus lateralis,Callospermophilus lateralis,120,394,257,"Molly A. Bartels, Doug P. Thompson, Spermophilus lateralis, Mammalian Species, Issue 440, 23 April 1993, Pages 1–8, https://doi.org/10.2307/3504114",,Mammals,Callospermophilus,Sciuridae,Rodentia,Mammalia,Chordata,Golden-mantled ground squirrel,Ground squirrels,Squirrels,Rodents,MammalsSmall,Mammals
Cascades golden-mantled ground squirrel,Callospermophilus saturatus,Callospermophilus saturatus,120,394,257,"Molly A. Bartels, Doug P. Thompson, Spermophilus lateralis, Mammalian Species, Issue 440, 23 April 1993, Pages 1–8, https://doi.org/10.2307/3504114",Subspecies presumably the same as golden mantled gs,Mammals,Callospermophilus,Sciuridae,Rodentia,Mammalia,Chordata,Cascades golden-mantled ground squirrel,Ground squirrels,Squirrels,Rodents,MammalsSmall,Mammals
Spruce grouse,Canachites canadensis,Canachites canadensis,491,591,541,https://www.allaboutbirds.org/guide/Spruce_Grouse/id,,Birds,Canachites,Phasianidae,Galliformes,Aves,Chordata,Spruce grouse,Grouse,Gamebirds,Gamebirds,BirdsMedium,Birds
Dungeness crab,Cancer magister,Cancer magister,,,0,,,Crustaceans,,,,,,,,,,Crustaceans,Crustaceans
Red rock crab ,Cancer productus,Cancer productus,,,0,,,Crustaceans,,,,,,,,,,Crustaceans,Crustaceans
Coyote,Canis latrans,Canis latrans,,,,,,Mammals,Canis,Canidae,Carnivora,Mammalia,Chordata,Coyote,Canids,Canids,Carnivores,MammalsLarge,Mammals
American beaver,Castor canadensis,Castor canadensis,11000,26000,18500,"Jenkins, S.H. and Busher, P.E., 1979. Castor canadensis. Mammalian species, (120), pp.1-8.",,Mammals,Castor,Castoridae,Rodentia,Mammalia,Chordata,American beaver,Beaver,Beavers,Rodents,MammalsMedium,Mammals
Hermit thrush,Catharus guttatus,Catharus guttatus,23,37,30,https://www.allaboutbirds.org/guide/Hermit_Thrush/id,,Birds,Catharus,Turdidae,Passeriformes,Aves,Chordata,Hermit thrush,Thrush,Thrushes,Passerines,BirdsSmall,Birds
Swainson's thrush,Catharus ustulatus,Catharus ustulatus,23,45,34,"Mack, D. E. and W. Yong (2020). Swainson's Thrush (Catharus ustulatus), version 1.0. In Birds of the World (A. F. Poole and F. B. Gill, Editors). Cornell Lab of Ornithology, Ithaca, NY, USA. https://doi.org/10.2173/bow.swathr.01",,Birds,Catharus,Turdidae,Passeriformes,Aves,Chordata,Swainson's thrush,Thrush,Thrushes,Passerines,BirdsSmall,Birds
Brown creeper,Certhia americana,Certhia americana,5,8,6.5,,,Birds,Certhia,Certhiidae,Passeriformes,Aves,Chordata,Brown creeper,Creeper,Creepers,Passerines,BirdsSmall,Birds
Elk,Cervus canadensis,Cervus canadensis,495000,495000,495000,https://explorer.natureserve.org/Taxon/ELEMENT_GLOBAL.2.102257/Cervus_elaphus,,Mammals,Cervus,Cervidae,Artiodactyla,Mammalia,Chordata,Elk,Elk,Deer and elk,Even-toed ungulates,MammalsLarge,Mammals
Roosevelt elk,Cervus elaphus,Cervus elaphus,495000,495000,495000,https://explorer.natureserve.org/Taxon/ELEMENT_GLOBAL.2.102257/Cervus_elaphus,,Mammals,Cervus,Cervidae,Artiodactyla,Mammalia,Chordata,Roosevelt elk,Elk,Deer and elk,Even-toed ungulates,MammalsLarge,Mammals
Wrentit,Chamaea fasciata,Chamaea fasciata,13,16,14.5,"Geupel, G. R. and G. Ballard (2020). Wrentit (Chamaea fasciata), version 1.0. In Birds of the World (P. G. Rodewald, Editor). Cornell Lab of Ornithology, Ithaca, NY, USA. https://doi.org/10.2173/bow.wrenti.01",,Birds,Chamaea,Paradoxornithidae,Passeriformes,Aves,Chordata,Wrentit,Wrentit,Parrotbills,Passerines,BirdsSmall,Birds
Killdeer,Charadrius vociferus,Charadrius vociferus,75,128,101.5,https://www.allaboutbirds.org/guide/Killdeer,,Birds,Charadrius,Charadriidae,Charadriiformes,Aves,Chordata,Killdeer,Plover,Shorebirds,Gulls and shorebirds,BirdsSmall,Birds
Western red-backed vole,Clethrionomys californicus,Clethrionomys californicus,15,40,27.5,"Alexander, L.F. and Verts, B.J., 1992. Clethrionomys californicus. Mammalian Species, (406), pp.1-6.",,Mammals,Clethrionomys,Cricetidae,Rodentia,Mammalia,Chordata,Western red-backed vole,Vole,Cricetids,Rodents,MammalsSmall,Mammals
Southern red-backed vole,Clethrionomys gapperi,Clethrionomys gapperi,6,42,24,"Joseph F. Merritt, Clethrionomys gapperi, Mammalian Species, Issue 146, 8 May 1981, Pages 1–9, https://doi.org/10.2307/3503900",,Mammals,Clethrionomys,Cricetidae,Rodentia,Mammalia,Chordata,Southern red-backed vole,Vole,Cricetids,Rodents,MammalsSmall,Mammals
Northern red-backed vole,Clethrionomys rutilus,Clethrionomys rutilus,34,34,34,https://explorer.natureserve.org/Taxon/ELEMENT_GLOBAL.2.105195/Clethrionomys_rutilus,,Mammals,Clethrionomys,Cricetidae,Rodentia,Mammalia,Chordata,Northern red-backed vole,Vole,Cricetids,Rodents,MammalsSmall,Mammals
Northern flicker,Colaptes auratus,Colaptes auratus,110,160,135,"Wiebe, K. L. and W. S. Moore (2020). Northern Flicker (Colaptes auratus), version 1.0. In Birds of the World (P. G. Rodewald, Editor). Cornell Lab of Ornithology, Ithaca, NY, USA. https://doi.org/10.2173/bow.norfli.01",,Birds,Colaptes,Picidae,Piciformes,Aves,Chordata,Northern flicker,Flickers,Woodpeckers,Woodpeckers,BirdsSmall,Birds
Beetles,Coleoptera,Coleoptera,,,0,,,Insects,,,Coleoptera,Insecta,Arthropoda,,,,,Insects,Insects
Star-nosed mole,Condylura cristata,Condylura cristata,34,78,56,"Petersen, K.E. and T.L. Yates. 1980. Condylura cristata. Mammalian Species, 129:1-4.",,Mammals,Condylura,Talpidae,Euliptophyla,Mammalia,Chordata,Star-nosed mole,Mole,Shrews,Moles and shrews,MammalsSmall,Mammals
Poison hemlock,Conium maculatum,,,,,,,Plants,Conium,Apiaceae,Apiales,Angiosperm,Angiosperm,Poison hemlock,Hemlock,Hemlocks,,Plants,Plants
Creeping dogwood,Cornus canadensis,Cornus canadensis,,,0,,Berry,Plants,Cornus,Cornaceae,Cornales,Magnoliopsida,Angiosperm,,,,,Plants,Plants
Townsend's big-eared bat,Corynorhinus townsendii,Corynorhinus townsendii,12,12,12,https://explorer.natureserve.org/Taxon/ELEMENT_GLOBAL.2.103228/Corynorhinus_townsendii,,Mammals,Corynorhinus,Vespertilionidae,Chiroptera,Mammalia,Chordata,Townsend's big-eared bat,Big-eared bat,Bats,Bats,MammalsSmall,Mammals
Black hawthorn,Crataegus douglasi,Crataegus douglasi,,,0,,Berry,Plants,Crataegus,Rosaceae,Rosales,Magnoliopsida,Angiosperm,,,,,Plants,Plants
North American least shrew,Cryptotis parva,Cryptotis parva,8,8,8,https://explorer.natureserve.org/Taxon/ELEMENT_GLOBAL.2.791224/Cryptotis_parva,,Mammals,Cryptotis,Soricidae,Euliptophyla,Mammalia,Chordata,North American least shrew,Shrew,Shrews,Moles and shrews,MammalsSmall,Mammals
Blue jay,Cyanocitta cristata,Cyanocitta cristata,70,100,85,https://www.allaboutbirds.org/guide/Blue_Jay/,,Birds,Cyanocitta,Corvidae,Passeriformes,Aves,Chordata,Blue jay,Jay,Corvids,Passerines,BirdsSmall,Birds
Steller's jay,Cyanocitta stelleri,Cyanocitta stelleri,100,140,120,"Walker, L. E., P. Pyle, M. A. Patten, E. Greene, W. Davison, and V. R. Muehter (2020). Steller's Jay (Cyanocitta stelleri), version 1.0. In Birds of the World (P. G. Rodewald, Editor). Cornell Lab of Ornithology, Ithaca, NY, USA. https://doi.org/10.2173/bow.stejay.01",,Birds,Cyanocitta,Corvidae,Passeriformes,Aves,Chordata,Steller's jay,Jay,Corvids,Passerines,BirdsSmall,Birds
Dusky grouse,Dendragapus obscurus,Dendragapus obscurus,1158,1281,1219.5,https://www.allaboutbirds.org/guide/Dusky_Grouse/id,previously blue grouse,Birds,Dendragapus,Phaisianidae,Galliformes,Aves,Chordata,Dusky grouse,Grouse,Gamebirds,Gamebirds,BirdsMedium,Birds
Coastal giant salamander,Dicamptodon tenebrosus,Dicamptodon tenebrosus,22,114,68,https://explorer.natureserve.org/Taxon/ELEMENT_GLOBAL.2.104691/Dicamptodon_tenebrosus,,Amphibians,Dicamptodon,Dicamptodontidae,Urodela,Amphibia,Chordata,Coastal giant salamander,Mole salamanders,Mole salamanders,Salamanders,Amphibians,Amphibians
Collared lemming,Dicrostonyx hudsonius,Dicrostonyx hudsonius,68,68,68,https://explorer.natureserve.org/Taxon/ELEMENT_GLOBAL.2.100179/Dicrostonyx_hudsonius,,Mammals,Dicrostonyx,Cricetidae,Rodentia,Mammalia,Chordata,Collared lemming,Lemming,Cricetids,Rodents,MammalsSmall,Mammals
Virginia opossum,Didelphis virginianus,Didelphis virginianus,1900,2800,2350,"John J. McManus, Didelphis virginiana, Mammalian Species, Issue 40, 2 May 1974, Pages 1–6, https://doi.org/10.2307/3503783",,Mammals,Didelphis,Didelphidae,Didelphimorphia,Mammalia,Chordata,Virginia opossum,Opossum,Opossums,Marsupials,MammalsMedium,Mammals
Mayflies,Diptera,Diptera,,,0,,,Insects,,,,,,,,,,Insects,Insects
Alligator lizards,Elgaria sp.,Elgaria sp.,5.66,28.35,17.005,https://nationalzoo.si.edu/animals/alligator-lizard,,Reptiles,Elgaria,Anguidae,Squamata,,Reptilia,Alligator lizards,Alligator lizards,Alligator lizards,Lizards and snakes,Reptiles,Reptiles
Black crowberry,Empetrum nigrum,Empetrum nigrum,,,0,,Berry,Plants,Empetrum,Ericaceae,Ericales,Magnoliopsida,Angiosperm,,,,,Plants,Plants
Porcupine,Erethizon dorsatum,Erethizon dorsatum,3500,18000,10750,"Woods, C.A., 1973. Erethizon dorsatum. Mammalian Species, (29), pp.1-6.",,Mammals,Erethizon,Erethizontidae,Rodentia,Mammalia,Chordata,Porcupine,Porcupine,Porcupines,Rodents,MammalsMedium,Mammals
Beach strawberry,Fragaria chiloensis,Fragaria chiloensis,,,0,,Berry,Plants,Fragaria,Rosaceae,Rosales,Magnoliopsida,Angiosperm,,,,,Plants,Plants
Wild strawberry,Fragaria virginiana,Fragaria virginiana,,,0,,Berry,Plants,Fragaria,Rosaceae,Rosales,Magnoliopsida,Angiosperm,,,,,Plants,Plants
American coot,Fulica americana,Fulica americana,600,700,650,https://www.allaboutbirds.org/guide/American_Coot/id,,Birds,Fulica,Rallidae,Gruiformes,,Aves,American coot,Coots,Rails,Wading birds,BirdsMedium,Birds
Salal,Gaultheria shallon,Gaultheria shallon,,,0,,Berry,Plants,Gaultheria,Ericaceae,Ericales,,,,,,,Plants,Plants
False toadflax,Geocaulon lividum,Geocaulon lividum,,,0,,Berry,Plants,Geocaulon,Santalaceae,Santalales,,,,,,,Plants,Plants
Humboldt's flying squirrel,Glaucomys oregonensis,Glaucomys oregonensis,129,207,168,Arbogast et al. 2017 Genetic data reveal a cryptic species of New World flying squirrel: Glaucomys oregonensis; Verts and Carraway 1998 Land mammals of Oregon,Citations say coastal individuals smaller on average than interior/montane,Mammals,Glaucomys,Sciuridae,Rodentia,Mammalia,Chordata,Humboldt flying squirrel,Flying squirrel,Squirrels,Rodents,MammalsSmall,Mammals
Northern flying squirrel,Glaucomys sabrinus,Glaucomys sabrinus,125,125,125,https://explorer.natureserve.org/Taxon/ELEMENT_GLOBAL.2.1010091/Glaucomys_sabrinus,,Mammals,Glaucomys,Sciuridae,Rodentia,Mammalia,Chordata,Northern flying squirrel,Flying squirrel,Squirrels,Rodents,MammalsSmall,Mammals
Southern flying squirrel,Glaucomys volans,Glaucomys volans,46.5,85,65.75,"Patricia G. Dolan , Dilford C. Carter, Glaucomys volans, Mammalian Species, Issue 78, 15 June 1977, Pages 1–6, https://doi.org/10.2307/3504026",,Mammals,Glaucomys,Sciuridae,Rodentia,Mammalia,Chordata,Southern flying squirrel ,Flying squirrel,Squirrels,Rodents,MammalsSmall,Mammals
Purple shore crab,Hemigrapsus nudus,Hemigrapsus nudus,,,0,,,Crustaceans,,,,,,,,,,Crustaceans,Crustaceans
Shrimp,Hippolytidae,Hippolytidae,,,0,,,Crustaceans,,,,,,,,,,Crustaceans,Crustaceans
Ants,Hymenoptera,Hymenoptera,,,0,,,Insects,,,Hymenoptera,,Insecta,,,,,Insects,Insects
Varied thrush,Ixoreus naevius,Ixoreus naevius,65,100,82.5,https://www.allaboutbirds.org/guide/Varied_Thrush/id,,Birds,Ixoreus,Turdidae,Passeriformes,Aves,Chordata,Varied thrush,Thrush,Thrushes,Passerines,BirdsSmall,Birds
Dark-eyed junco,Junco hyemalis,Junco hyemalis,18,30,24,"Nolan Jr., V., E. D. Ketterson, D. A. Cristol, C. M. Rogers, E. D. Clotfelter, R. C. Titus, S. J. Schoech, and E. Snajdr (2020). Dark-eyed Junco (Junco hyemalis), version 1.0. In Birds of the World (A. F. Poole and F. B. Gill, Editors). Cornell Lab of Ornithology, Ithaca, NY, USA. https://doi.org/10.2173/bow.daejun.01",,Birds,Junco,Passerellidae,Passeriformes,Aves,Chordata,Dark-eyed junco,Junco,Sparrows,Passerines,BirdsSmall,Birds
Common juniper,Juniperus communis,Juniperus communis,,,0,,Berry,Plants,Juniperus,Cupressaceae,Pinales,Pinopsida,Gymnosperm,,,,,Plants,Plants
Sierran juniper,Juniperus grandis,Juniperus grandis,,,0,,Berry,Plants,Juniperus,Cupressaceae,Pinales,Pinopsida,,,,,,Plants,Plants
Willow ptarmigan,Lagopus lagopus,Lagopus lagopus,538.1,668.6,603.35,https://www.allaboutbirds.org/guide/Willow_Ptarmigan/id,,Birds,Lagopus,Phaisianidae,Galliformes,Aves,Chordata,Willow ptarmigan,Ptarmigan,Gamebirds,Gamebirds,BirdsMedium,Birds
Sagebrush vole,Lemmiscus curtatus,Lemmiscus curtatus,38,38,38,https://explorer.natureserve.org/Taxon/ELEMENT_GLOBAL.2.101975/Lemmiscus_curtatus,,Mammals,Lemmiscus,Cricetidae,Rodentia,Mammalia,Chordata,Sagebrush vole,Vole,Cricetids,Rodents,MammalsSmall,Mammals
Siberian lemming,Lemmus sibricus,Lemmus sibricus,46,63,54.5,"Peterson Jr, R. M., Batzli, G. O., & Banks, E. M. (1976). Activity and energetics of the brown lemming in its natural habitat. Arctic and Alpine Research, 8(2), 131-138.",Looks like this should probably be brown lemming? Just plugged in brown lemming stats here,Mammals,Lemmus,Cricetidae,Rodentia,Mammalia,Chordata,Siberian lemming,Lemming,Cricetids,Rodents,MammalsSmall,Mammals
Brown lemming,Lemmus trimucronatus,Lemmus trimucronatus,46,63,54.5,"Peterson Jr, R. M., Batzli, G. O., & Banks, E. M. (1976). Activity and energetics of the brown lemming in its natural habitat. Arctic and Alpine Research, 8(2), 131-138.",,Mammals,Lemmus,Cricetidae,Rodentia,Mammalia,Chordata,Brown lemming,Lemming,Cricetids,Rodents,MammalsSmall,Mammals
Snowshoe hare,Lepus americanus,Lepus americanus,1400,1400,1400,https://explorer.natureserve.org/Taxon/ELEMENT_GLOBAL.2.104729/Lepus_americanus,,Mammals,Lepus,Leporidae,Lagomorpha,Mammalia,Chordata,Snowshoe hare,Hare,Hares,Rabbits and hares,MammalsMedium,Mammals
White-tailed jackrabbit,Lepus townsendii,Lepus townsendii,2600,4400,3500,"Burton K. Lim, Lepus townsendii, Mammalian Species, Issue 288, 12 August 1987, Pages 1–6, https://doi.org/10.2307/3504001",,Mammals,Lepus,Leporidae,Lagomorpha,Mammalia,Chordata,White-tailed jackrabbit,Hare,Hares,Rabbits and hares,MammalsMedium,Mammals
Twinberry honeysuckle,Lonicera involucrata,Lonicera involucrata,,,0,,Berry,Plants,Lonicera,,,,,,,,,Plants,Plants
Hooded merganser,Lophodytes cucullatus,Lophodytes cucullatus,,,,,,Birds,Lophodytes,Anatidae,Anseriformes,Aves,Chordata,Hooded merganser,Ducks,Ducks,Ducks,BirdsMedium,Birds
Bobcat,Lynx rufus,Lynx rufus,4100,18300,11200,"Larivière, S. and Walton, L.R., 1997. Lynx rufus. Mammalian species, (563), pp.1-8.",,Mammals,Lynx,Felidae,Carnivora,Mammalia,Chordata,Bobcat,Lynx,Felids,Carnivores,MammalsMedium,Mammals
Oregon grape,Mahonia aquifolium,Mahonia aquifolium,,,0,,Berry,Plants,Mahonia,Berberidaceae,Ranunculales,Magnoliopsida,Angiosperm,,,,,Plants,Plants
Creeping Oregon grape,Mahonia repens,Mahonia repens,,,0,,,Plants,Mahonia,Berberidaceae,Ranunculales,Magnoliopsida,Angiosperm,,,,,Plants,Plants
Western crabapple,Malus fusca,Malus fusca,,,0,,Fruit,Plants,Malus,,,,,,,,,Plants,Plants
Hoary marmot,Marmota caligata,Marmota caligata,1.3,7,4.15,"Janet K. Braun and others, Marmota caligata (Rodentia: Sciuridae), Mammalian Species, Volume 43, Issue 884, 26 September 2011, Pages 155–171, https://doi.org/10.1644/884.1",,Mammals,Marmota,Sciuridae,Rodentia,Mammalia,Chordata,Hoary marmot,Marmot,Squirrels,Rodents,MammalsMedium,Mammals
Yellow-bellied marmot,Marmota flaviventris,Marmota flaviventris,3100,5100,4100,"Kwiecinski, G.G., 1998. Marmota monax. Mammalian Species, (591), pp.1-8.",,Mammals,Marmota,Sciuridae,Rodentia,Mammalia,Chordata,Yellow-bellied marmot,Marmot,Squirrels,Rodents,MammalsMedium,Mammals
Woodchuck,Marmota monax,Marmota monax,3100,5100,4100,"Kwiecinski, G.G., 1998. Marmota monax. Mammalian Species, (591), pp.1-8.",,Mammals,Marmota,Sciuridae,Rodentia,Mammalia,Chordata,Woodchuck,Marmot,Squirrels,Rodents,MammalsMedium,Mammals
American marten,Martes americana,Martes americana,280,1250,765,"Clark, T.W., Anderson, E., Douglas, C. and Strickland, M., 1987. Martes americana. Mammalian species, (289), pp.1-8.",,Mammals,Martes,Mustelidae,Carnivora,,Mammalia,American marten,Marten,Mustelids,Carnivores,MammalsSmall,Mammals
Pacific marten,Martes caurina,Martes caurina,280,1250,765,,Citation for American marten,Mammals,Martes,Mustelidae,Carnivora,Mammalia,Chordata,Pacific marten,Marten,Mustelids,Carnivores,MammalsSmall,Mammals
Song sparrow,Melospiza melodia,Melospiza melodia,12,53,32.5,"Arcese, P., M. K. Sogge, A. B. Marr, and M. A. Patten (2020). Song Sparrow (Melospiza melodia), version 1.0. In Birds of the World (A. F. Poole and F. B. Gill, Editors). Cornell Lab of Ornithology, Ithaca, NY, USA. https://doi.org/10.2173/bow.sonspa.01",,Birds,Melospiza,Passerllidae,Passeriformes,Aves,Chordata,Song sparrow,Sparrow,Sparrows,Passerines,BirdsSmall,Birds
Long-tailed vole,Microtus longicaudus,Microtus longicaudus,37,58,47.5,"Michael J. Smolen, Barry L. Keller, Microtus longicaudus, Mammalian Species, Issue 271, 27 February 1987, Pages 1–7, https://doi.org/10.2307/3503956",,Mammals,Microtus,Cricetidae,Rodentia,Mammalia,Chordata,Long-tailed vole,Vole,Cricetids,Rodents,MammalsSmall,Mammals
Montane vole,Microtus montanus,Microtus montanus,23,71,47,"Sera, W.E. and Early, C.N., 2003. Microtus montanus. Mammalian Species, 2003(716), pp.1-10.",,Mammals,Microtus,Cricetidae,Rodentia,Mammalia,Chordata,Montane vole,Vole,Cricetids,Rodents,MammalsSmall,Mammals
Tundra vole,Microtus oeconomus,Microtus oeconomus,80,80,80,https://explorer.natureserve.org/Taxon/ELEMENT_GLOBAL.2.102011/Microtus_oeconomus,,Mammals,Microtus,Cricetidae,Rodentia,Mammalia,Chordata,Tundra vole,Vole,Cricetids,Rodents,MammalsSmall,Mammals
Creeping vole,Microtus oregoni,Microtus oregoni,15,28,21.5,"Carraway, L.N. and Verts, B.J., 1985. Microtus oregoni. Mammalian Species, (233), pp.1-6.",,Mammals,Microtus,Cricetidae,Rodentia,Mammalia,Chordata,Creeping vole,Vole,Cricetids,Rodents,MammalsSmall,Mammals
Meadow vole,Microtus pennsylvanicus,Microtus pennsylvanicus,24,64,44,"Reich, L.M., 1981. Microtus pennsylvanicus. Mammalian species, (159), pp.1-8.",,Mammals,Microtus,Cricetidae,Rodentia,Mammalia,Chordata,Meadow vole,Vole,Cricetids,Rodents,MammalsSmall,Mammals
Water vole,Microtus richardsoni,Microtus richardsoni,68,178,123,"Daniel R. Ludwig, Microtus richardsoni, Mammalian Species, Issue 223, 14 November 1984, Pages 1–6, https://doi.org/10.2307/3504069",,Mammals,Microtus,Cricetidae,Rodentia,Mammalia,Chordata,Water vole,Vole,Cricetids,Rodents,MammalsSmall,Mammals
Townsend's vole,Microtus townsendii,Microtus townsendii,47,82.5,64.75,"John E. Cornely , B. J. Verts, Microtus townsendii, Mammalian Species, Issue 325, 27 December 1988, Pages 1–9, https://doi.org/10.2307/3504129",,Mammals,Microtus,Cricetidae,Rodentia,Mammalia,Chordata,Townsend's vole,Vole,Cricetids,Rodents,MammalsSmall,Mammals
Yellow-cheeked vole,Microtus xanthognathus,Microtus xanthognathus,140,170,155,"Chris J. Conroy , Joseph A. Cook, Microtus xanthognathus, Mammalian Species, Issue 627, 3 December 1999, Pages 1–5, https://doi.org/10.2307/3504429",,Mammals,Microtus,Cricetidae,Rodentia,Mammalia,Chordata,Yellow-cheeked vole,Vole,Cricetids,Rodents,MammalsSmall,Mammals
House mouse,Mus musculus,Mus musculus,23,23,23,https://explorer.natureserve.org/Taxon/ELEMENT_GLOBAL.2.106007/Mus_musculus,,Mammals,Mus,Muridae,Rodentia,Mammalia,Chordata,House mouse,Mouse,Murines,Rodents,MammalsSmall,Mammals
Short-tailed weasel,Mustela erminea,Mustela erminea,56,206,131,"King, C.M., 1983. Mustela erminea. Mammalian Species, (195), pp.1-8.",,Mammals,Mustela,Mustelidae,Carnivora,Mammalia,Chordata,Short-tailed weasel,Weasel,Mustelids,Carnivores,MammalsSmall,Mammals
Least weasel,Mustela nivalis,Mustela nivalis,38,70,54,"Steven R. Sheffield , Carolyn M. King, Mustela nivalis, Mammalian Species, Issue 454, 2 June 1994, Pages 1–10, https://doi.org/10.2307/3504183",,Mammals,Mustela,Mustelidae,Carnivora,Mammalia,Chordata,Least weasel,Weasel,Mustelids,Carnivores,MammalsSmall,Mammals
California mussel,Mytilus californianus,Mytilus californianus,,,0,,,Bivalves,,,,,,,,,,Bivalves,Bivalves
Blue mussel,Mytilus edulis,Mytilus edulis,,,0,,,Bivalves,,,,,,,,,,Bivalves,Bivalves
Woodland jumping mouse,Napaeozapus insignis,Napaeozapus insignis,17,26,21.5,"John O. Whitaker, Jr. , Robert E. Wrigley, Napaeozapus insignis, Mammalian Species, Issue 14, 16 June 1972, Pages 1–6, https://doi.org/10.2307/3503916",,Mammals,Napaeozapus,Zapodidae,Rodentia,Mammalia,Chordata,Woodland jumping mouse,Jumping mice,Jumping mice,Rodents,MammalsSmall,Mammals
Siskiyou chipmunk,Neotamias siskiyou,Neotamias siskiyou,65,85,75,https://explorer.natureserve.org/Taxon/ELEMENT_GLOBAL.2.101954/Neotamias_siskiyou,,Mammals,Neotamias,Sciuridae,Rodentia,Mammalia,Chordata,Siskiyou chipmunk,Chipmunk,Squirrels,Rodents,MammalsSmall,Mammals
Bushy-tailed woodrat,Neotoma cinerea,Neotoma cinerea,300,400,350,"Smith, F.A., 1997. Neotoma cinerea. Mammalian Species, (564), pp.1-8.",,Mammals,Neotoma,Cricetidae,Rodentia,Mammalia,Chordata,Bushy-tailed woodrat,Woodrat,Cricetids,Rodents,MammalsSmall,Mammals
Dusky-footed woodrat,Neotoma fuscipes,Neotoma fuscipes,200,300,250,"L. N. Carraway, B. J. Verts, Neotoma fuscipes, Mammalian Species, Issue 386, 6 November 1991, Pages 1–10, https://doi-org.ezproxy.proxy.library.oregonstate.edu/10.2307/3504130",,Mammals,Neotoma,Cricetidae,Rodentia,Mammalia,Chordata,Dusky-footed woodrat,Woodrat,Cricetids,Rodents,MammalsSmall,Mammals
American shrew-mole,Neurotrichus gibbsi,Neurotrichus gibbsi,,,,,,Mammals,Neurotrichus,Talpidae,Euliptophyla,Mammalia,Chordata,American shrew-mole,Mole,Moles,Moles and shrews,MammalsSmall,Mammals
American pika,Ochotona princeps,Ochotona princeps,121,176,148.5,"Smith, A.T. and Weston, M.L., 1990. Ochotona princeps. Mammalian species, (352), pp.1-8.",,Mammals,Ochotona,Ochotonidae,Lagomorpha,,Mammalia,American pika,Pika,Pikas,Rabbits and hares,MammalsSmall,Mammals
Black-tailed deer,Odocoileus hemionus,Odocoileus hemionus,75000,112000,93500,"Allen E. Anderson , Olof C. Wallmo, Odocoileus hemionus, Mammalian Species, Issue 219, 27 April 1984, Pages 1–9, https://doi.org/10.2307/3504024",,Mammals,Odocoileus,Cervidae,Artiodactyla,Mammalia,Chordata,Mule deer,Deer,Deer and elk,Even-toed ungulates,MammalsLarge,Mammals
Mule deer,Odocoileus hemionus,Odocoileus hemionus,75000,112000,93500,"Allen E. Anderson , Olof C. Wallmo, Odocoileus hemionus, Mammalian Species, Issue 219, 27 April 1984, Pages 1–9, https://doi.org/10.2307/3504024",,Mammals,Odocoileus,Cervidae,Artiodactyla,Mammalia,Chordata,Mule deer,Deer,Deer and elk,Even-toed ungulates,MammalsLarge,Mammals
White-tailed deer,Odocoileus virginianus,Odocoileus virginianus,70000,150000,110000,"Allen E. Anderson, Olof C. Wallmo, Odocoileus hemionus, Mammalian Species, Issue 219, 27 April 1984, Pages 1–9, https://doi.org/10.2307/3504024",,Mammals,Odocoileus,Cervidae,Artiodactyla,Mammalia,Chordata,White-tailed deer,Deer,Deer and elk,Even-toed ungulates,MammalsLarge,Mammals
Pink salmon,Onchorhynchus gorbuscha,Onchorhynchus gorbuscha,,,2000,,,Fishes,Onchorhynchus,Salmonidae,Salmoniformes,Actinopterygii,Chordata,Pink salmon,Salmon and trout,Salmon and trout,Salmon and trout,Fishes,Fishes
Chum salmon,Onchorhynchus keta,Onchorhynchus keta,2700,6800,4750,,,Fishes,Onchorhynchus,Salmonidae,Salmoniformes,Actinopterygii,Chordata,Chum salmon,Salmon and trout,Salmon and trout,Salmon and trout,Fishes,Fishes
Coho salmon,Onchorhynchus kisutch,Onchorhynchus kisutch,,,6000,,,Fishes,Onchorhynchus,Salmonidae,Salmoniformes,Actinopterygii,Chordata,Coho salmon,Salmon and trout,Salmon and trout,Salmon and trout,Fishes,Fishes
Muskrat,Ondatra zibethicus,Ondatra zibethicus,700,1800,1250,"Gale R. Willner and others, Ondatra zibethicus, Mammalian Species, Issue 141, 20 November 1980, Pages 1–8, https://doi.org/10.2307/3504016",,Mammals,Ondatra,Cricetidae,Rodentia,Mammalia,Chordata,Muskrat ,Muskrat,Cricetids,Rodents,MammalsMedium,Mammals
Devil's club,Oplopanax horridus,Oplopanax horridus,,,0,,Berry,Plants,Oplopanax,,,,,,,,,Plants,Plants
Mountain quail,Oreortyx pictus,Oreortyx pictus,,,,,,Birds,Oreortyx,Odontophoridae,Galliformes,Aves,Chordata,Mountain quail,Quail,Gamebirds,Gamebirds,BirdsMedium,Birds
Mites,Oribatida,Oribatida,,,0,,,Arachnids,,,,,,,,,,Arachnids,Arachnids
Crickets,Orthoptera,Orthoptera,,,0,,,Insects,,,,,,,,,,Insects,Insects
Grasshoppers,Orthoptera,Orthoptera,,,0,,,Insects,,,,,,,,,,Insects,Insects
Grasshoppers/crickets,Orthoptera,Orthoptera,,,0,,,Insects,,,,,,,,,,Insects,Insects
California ground squirrel,Otospermophilus beecheyi,Otospermophilus beecheyi,280,738,509,"Jennifer E. Smith and others, Otospermophilus beecheyi (Rodentia: Sciuridae), Mammalian Species, Volume 48, Issue 939, 15 December 2016, Pages 91–108, https://doi.org/10.1093/mspecies/sew010",,Mammals,Otospermophilus,Sciuridae,Rodentia,Mammalia,Chordata,California ground squirrel,Ground squirrels,Squirrels,Rodents,MammalsSmall,Mammals
Dall's sheep,Ovis dalli,Ovis dalli,46000,100000,73000,"Bowyer, R.T. and Leslie, D.M., 1992. Ovis dalli. Mammalian Species, (393), pp.1-7.",,Mammals,Ovis,Bovidae,Artiodactyla,Mammalia,Chordata,Dall's sheep,Sheep,Bovids,Even-toed ungulates,MammalsLarge,Mammals
Brewer's mole,Parascalops breweri,Parascalops breweri,41,63,52,"Hallett, J.G., 1978. Parascalops breweri. Mammalian Species, (98), pp.1-4.",,Mammals,Parascalops,Talpidae,Euliptophyla,Mammalia,Chordata,Brewer's mole,Mole,Shrews,Moles and shrews,MammalsSmall,Mammals
Fox sparrow,Passerella iliaca,Passerella iliaca,26,44,35,https://www.allaboutbirds.org/guide/Fox_Sparrow,,Birds,Passerella,Passerellidae,Passeriformes,Aves,Chordata,Fox sparrow,Sparrow,Sparrows,Passerines,BirdsSmall,Birds
Band-tailed pigeon,Patagioenas fasciata,Patagioenas fasciata,,,,,,Birds,Patagioenas,Columbidae,Columbiformes,Aves,Chordata,Band-tailed pigeon,Pigeons,Pigeons and doves,Pigeons and doves,BirdsMedium,Birds
Gray jay,Perisoreus canadensis,Perisoreus canadensis,58,84,71,https://www.allaboutbirds.org/guide/Canada_Jay,,Birds,Perisoreus,Corvidae,Passeriformes,Aves,Chordata,Gray jay,Jay,Corvids,Passerines,BirdsSmall,Birds
Great Basin pocket mouse,Perognathus parvus,Perognathus parvus,16.5,31,23.75,"B. J. Verts , Gordon L. Kirkland, Jr., Perognathus parvus, Mammalian Species, Issue 318, 27 December 1988, Pages 1–8, https://doi.org/10.2307/3504324",,Mammals,Perognathus,Heteromyidae,Rodentia,Mammalia,Chordata,Great Basin pocket mouse,Pocket mice,Heteromyid,Rodents,MammalsSmall,Mammals
Peromyscus,Peromyscus,Peromyscus,33,33,33,https://explorer.natureserve.org/Taxon/ELEMENT_GLOBAL.2.101416/Peromyscus_maniculatus,,Mammals,Peromyscus,Cricetidae,Rodentia,Mammalia,Chordata,,Deer mice,Cricetids,Rodents,MammalsSmall,Mammals
Keen's mouse,Peromyscus keeni,Peromyscus keeni,33,33,33,https://explorer.natureserve.org/Taxon/ELEMENT_GLOBAL.2.101416/Peromyscus_maniculatus,"info from deer mouse, this is a subspecies",Mammals,Peromyscus,Cricetidae,Rodentia,Mammalia,Chordata,Keen's mouse,Deer mice,Cricetids,Rodents,MammalsSmall,Mammals
White-footed mouse,Peromyscus leucopus,Peromyscus leucopus,17,46,31.5,"Wolfe, J.L. and Linzey, A.V., 1977. Peromyscus gossypinus. Mammalian species, (70), pp.1-5.",,Mammals,Peromyscus,Cricetidae,Rodentia,Mammalia,Chordata,White-footed mouse,Deer mice,Cricetids,Rodents,MammalsSmall,Mammals
Deer mouse,Peromyscus maniculatus,Peromyscus maniculatus,33,33,33,https://explorer.natureserve.org/Taxon/ELEMENT_GLOBAL.2.101416/Peromyscus_maniculatus,,Mammals,Peromyscus,Cricetidae,Rodentia,Mammalia,Chordata,Deer mouse,Deer mice,Cricetids,Rodents,MammalsSmall,Mammals
Columbian mouse,Peromyscus oreas,Peromyscus oreas,33,33,33,https://explorer.natureserve.org/Taxon/ELEMENT_GLOBAL.2.101416/Peromyscus_maniculatus,"info from deer mouse, this is a subspecies",Mammals,Peromyscus,Cricetidae,Rodentia,Mammalia,Chordata,Columbian mouse,Deer mice,Cricetids,Rodents,MammalsSmall,Mammals
Western heather vole,Phenacomys intermedius,Phenacomys intermedius,40,40,40,"McAllister, J.A. and Hoffmann, R.S., 1988. Phenacomys intermedius. Mammalian Species, (305), pp.1-8.",,Mammals,Phenacomys,Cricetidae,Rodentia,Mammalia,Chordata,Western heather vole,Vole,Cricetids,Rodents,MammalsSmall,Mammals
Downy woodpecker,Picoides pubescens,Picoides pubescens,21,28,24.5,https://www.allaboutbirds.org/guide/Downy_Woodpecker,,Birds,Picoides,Picidae,Piciformes,Aves,Chordata,Downy woodpecker,Small woodpeckers,Woodpeckers,Woodpeckers,BirdsSmall,Birds
Hairy woodpecker,Picoides villosus,Picoides villosus,40,95,67.5,https://www.allaboutbirds.org/guide/Hairy_Woodpecker/id,,Birds,Picoides,Picidae,Piciformes,Aves,Chordata,Hairy woodpecker,Small woodpeckers,Woodpeckers,Woodpeckers,BirdsSmall,Birds
Whitebark pine,Pinus albicaulis,Pinus albicaulis,,,0,,Nut,Plants,Pinus,Pinaceae,Pinales,Pinopsida,Gymnosperm,,,,,Plants,Plants
Limber pine,Pinus flexilis,Pinus flexilis,,,0,,Nut,Plants,Pinus,Pinaceae,Pinales,Pinopsida,Gymnosperm,,,,,Plants,Plants
Spotted towhee,Pipilo maculatus,Pipilo maculatus,,,,,,Birds,Pipilo,Passerellidae,Passeriformes,Aves,Chordata,Spotted towhee,Towhees,Sparrows,Passerines,BirdsSmall,Birds
Western skink,Plestiodon skiltonianus,Plestiodon skiltonianus,,,,,,Reptiles,Plestiodon,Scincidae,Squamata,Repitilia,Chordata,Western skink,Skinks,Skinks,Lizards and snakes,Reptiles,Reptiles
Black-capped chickadee,Poecile atricapillus,Poecile atricapillus,,,,,,Birds,Poecile,Paridae,Passeriformes,Aves,Chordata,Black-capped chickadee,Chickadee,Chickadees,Passerines,BirdsSmall,Birds
Raccoon,Procyon lotor,Procyon lotor,2400,8000,5200,"Lotze, J.H. and Anderson, S., 1979. Procyon lotor. Mammalian species, (119), pp.1-8.",,Mammals,Procyon,Procyonidae,Carnivora,Mammalia,Chordata,Raccoon,Raccoon,Procyonids,Carnivores,MammalsMedium,Mammals
Bitter cherry,Prunus emarginata,Prunus emarginata,,,0,,Berry,Plants,Prunus,Rosaceae,Rosales,Magnoliopsida,Angiosperm,,,,,Plants,Plants
Fire cherry,Prunus pennsylvanicus,Prunus pennsylvanicus,,,0,,Berry,Plants,Prunus,Rosaceae,Rosales,Magnoliopsida,Angiosperm,,,,,Plants,Plants
Black cherry,Prunus serotina,Prunus serotina,,,0,,Berry,Plants,Prunus,Rosaceae,Rosales,Magnoliopsida,Angiosperm,,,,,Plants,Plants
Bushtit,Psaltriparus minimus,,,,,,,Birds,Psaltriparus,Aegithalidae,Passeriformes,Aves,Chordata,Bushtit,Bushtit,Bushtit,Passerines,BirdsSmall,Birds
Pacific tree frog,Pseudacris regilla,Pseudacris regilla,0.35,0.35,0.35,https://explorer.natureserve.org/Taxon/ELEMENT_GLOBAL.2.857719/Pseudacris_regilla,,Amphibians,Pseudacris,Hylidae,Anura,Amphibia,Chordata,Pacific tree frog,Chorus frogs,Tree frogs,Frogs and toads,Amphibians,Amphibians
Cassin's auklet,Ptychoramphus aleuticus,Ptychoramphus aleuticus,150,200,175,https://www.allaboutbirds.org/guide/Cassins_Auklet/id,,Birds,Ptychorhampus,Alcidae,Charadriiformes,Aves,Chordata,Cassin's auklet,Auklets,Alcids,Gulls and shorebirds,BirdsSmall,Birds
Northern red-legged frog,Rana aurora,Rana aurora,6.46,6.46,6.46,https://ecotox.oehha.ca.gov/citation/reproduction-and-development-red-legged-frog-rana-aurora-northwestern-washington,,Amphibians,Rana,Ranidae,Anura,Amphibia,Chordata,Northern red-legged frog,Pond frogs,True frogs,Frogs and toads,Amphibians,Amphibians
Caribou,Rangifer tarandus,Rangifer tarandus,158000,226000,175000,,,Mammals,Rangifer,Cervidae,Artiodactyla,Mammalia,Chordata,Caribou,Caribou,Cervids,Even-toed ungulates,MammalsLarge,Mammals
Woodland caribou,Rangifer tarandus,Rangifer tarandus,270000,270000,270000,https://explorer.natureserve.org/Taxon/ELEMENT_GLOBAL.2.103369/Rangifer_tarandus,,Mammals,Rangifer,Cervidae,Artiodactyla,Mammalia,Chordata,Woodland caribou,Caribou,Deer and elk,Even-toed ungulates,MammalsLarge,Mammals
Norway rat,Rattus norvegicus,Rattus norvegicus,485,485,485,https://explorer.natureserve.org/Taxon/ELEMENT_GLOBAL.2.105915/Rattus_norvegicus,,Mammals,Rattus,Muridae,Rodentia,Mammalia,Chordata,Norway rat,Rat,Murines,Rodents,MammalsSmall,Mammals
Black rat,Rattus rattus,Rattus rattus,264,264,264,"Davis, D. E. (1949). The weight of wild brown rats at sexual maturity. Journal of Mammalogy, 30(2), 125-130.",,Mammals,Rattus,Muridae,Rodentia,Mammalia,Chordata,Black rat,Rat,Murines,Rodents,MammalsSmall,Mammals
Ruby-crowned kinglet,Regulus calendula,Regulus calendula,5,10,7.5,https://www.allaboutbirds.org/guide/Ruby-crowned_Kinglet/id,,Birds,Regulus,Regulidae,Passeriformes,Aves,Chordata,Ruby-crowned kinglet,Kinglet,Kinglets,Passerines,BirdsSmall,Birds
Golden-crowned kinglet,Regulus satrapa,Regulus satrapa,4,8,6,"Swanson, D. L., J. L. Ingold, and R. Galati (2020). Golden-crowned Kinglet (Regulus satrapa), version 1.0. In Birds of the World (A. F. Poole, Editor). Cornell Lab of Ornithology, Ithaca, NY, USA. https://doi.org/10.2173/bow.gockin.01",,Birds,Regulus,Regulidae,Passeriformes,Aves,Chordata,Golden-crowned kinglet,Kinglet,Kinglets,Passerines,BirdsSmall,Birds
Western harvest mouse,Reithrodontomys megalotis,Reithrodontomys megalotis,22,22,22,https://explorer.natureserve.org/Taxon/ELEMENT_GLOBAL.2.105306/Reithrodontomys_megalotis,,Mammals,Reithrodontomys,Cricetidae,Rodentia,Mammalia,Chordata,Western harvest mouse,Harvest mouse,Cricetids,Rodents,MammalsSmall,Mammals
Alderleaf buckthorn,Rhamnus alnifolia,Rhamnus alnifolia,,,0,,Berry,Plants,Rhamnus,Rhamnaceae,Rosales,Magnoliopsida,Angiosperm,,,,,Plants,Plants
Cascara buckthorn,Rhamnus purshiana,Rhamnus purshiana,,,0,,Berry,Plants,Rhamnus,,,,,,,,,Plants,Plants
False truffles,Rhizopogon,Rhizopogon,,,0,,Fungi,Plants,Rhizopogoin,,,,,,,,,Plants,Plants
Red currant,Ribes sanguineum,Ribes sanguineum,,,0,,Berry,Plants,Ribes,,,,,,,,,Plants,Plants
Wild rose,Rosa acicularis,Rosa acicularis,,,0,,Berry,Plants,Rosa,Rosaceae,Rosales,Magnoliopsida,Angiosperm,,,,,Plants,Plants
Himalayan blackberry,Rubus discolor,Rubus discolor,,,0,,Berry,Plants,Rubus,Rosaceae,Rosales,Magnoliopsida,Angiosperm,,,,,Plants,Plants
Wild raspberry,Rubus idaeus,Rubus idaeus,,,0,,Berry,Plants,Rubus,Rosaceae,Rosales,Magnoliopsida,Angiosperm,,,,,Plants,Plants
Northern gooseberry,Rubus oxyacanthoides,Rubus oxyacanthoides,,,0,,Berry,Plants,Rubus,Rosaceae,Rosales,Magnoliopsida,Angiosperm,,,,,Plants,Plants
Thimbleberry,Rubus parviflorus,Rubus parviflorus,,,0,,Berry,Plants,Rubus,Rosaceae,Rosales,Magnoliopsida,Angiosperm,,,,,Plants,Plants
Salmonberry,Rubus spectabilis,Rubus spectabilis,,,0,,Berry,Plants,Rubus,,,,,,,,,Plants,Plants
American raspberry,Rubus strigosus,Rubus strigosus,,,0,,Berry,Plants,Rubus,Rosaceae,Rosales,Magnoliopsida,Angiosperm,,,,,Plants,Plants
Trout,Salmonidae,Salmonidae,100,7000,3550,,,Fishes,,Salmonidae,Salmoniformes,Actinopterygii,Chordata,Trout,Salmon and trout,Salmon and trout,Salmon and trout,Fishes,Fishes
Elderberry,Sambucus,Sambucus,,,,,Berry,Plants,Sambucus,Caprifoliaceae,Dipsacales,Magnoliopsida,Angiosperm,,,,,,
Butter clam,Saxidomus gigantea,Saxidomus gigantea,,,0,,,Bivalves,,,,,,,,,,Bivalves,Bivalves
Eastern mole,Scalopus aquaticus,Scalopus aquaticus,67,140,103.5,"Arlton, A.V. 1936. An ecological study of the mole. Journal of Mammalogy, 17:349-371.",,Mammals,Scalopus,Talpidae,Euliptophyla,Mammalia,Chordata,Eastern mole,Mole,Shrews,Moles and shrews,MammalsSmall,Mammals
Broad-footed mole,Scapanus latimanus,Scapanus latimanus,50,85,67.5,"Verts, B.J. and Carraway, L.N., 2001. Scapanus latimanus. Mammalian Species, 2001(666), pp.1-7.",,Mammals,Scapanus,Talpidae,Euliptophyla,Mammalia,Chordata,Broad-footed mole,Mole,Shrews,Moles and shrews,MammalsSmall,Mammals
Coast mole,Scapanus orarius,Scapanus orarius,46,78,62,"Glendenning, R. 1959. Scapanus orarius orarius True, in British Columbia. Canadian Journal of Animal Science 39:34-44.",,Mammals,Scapanus,Talpidae,Euliptophyla,Mammalia,Chordata,Coast mole,Mole,Shrews,Moles and shrews,MammalsSmall,Mammals
Spiny lizards,Sceloperus sp.,Sceloperus sp.,100,400,250,https://myavho.com/storage/app/media/Spiny-Tailed_Lizard_Care_Card.pdf,,Reptiles,Sceloperus,Phrynosomatidae,Squamata,Reptilia,Chordata,Spiny lizards,Spiny lizards,Spiny lizards,Lizards and snakes,Reptiles,Reptiles
Eastern gray squirrel,Sciurus carolinensis,Sciurus carolinensis,300,710,505,"Koprowski, J.L., 1994. Sciurus carolinensis. Mammalian species, (480), pp.1-9.",,Mammals,Sciurus,Sciuridae,Rodentia,Mammalia,Chordata,Eastern gray squirrel,Squirrel,Squirrels,Rodents,MammalsSmall,Mammals
Western grey squirrel,Sciurus griseus,Sciurus griseus,520,942,731,"Carraway, L.N. and Verts, B.J., 1994. Sciurus griseus. Mammalian species, (474), pp.1-7.",,Mammals,Sciurus,Sciuridae,Rodentia,Mammalia,Chordata,Western grey squirrel,Squirrel,Squirrels,Rodents,MammalsMedium,Mammals
Rufous hummingbird,Selasphorus rufus,Selasphorus rufus,2,5,3.5,https://www.allaboutbirds.org/guide/Rufous_Hummingbird,,Birds,Selasphorus,Trochilidae,Apodiformes,Aves,Chordata,Rufous hummingbird,Hummingbird,Hummingbird,Swifts and hummingbirds,BirdsSmall,Birds
Yellow-rumped warbler,Setophaga coronata,Setophaga coronata,12,13,12.5,"Hunt, P. D. and D. J. Flaspohler (2020). Yellow-rumped Warbler (Setophaga coronata), version 1.0. In Birds of the World (P. G. Rodewald, Editor). Cornell Lab of Ornithology, Ithaca, NY, USA. https://doi.org/10.2173/bow.yerwar.01",,Birds,Setophaga,Parulidae,Passeriformes,Aves,Chordata,Yellow-rumped warbler,Warbler,Warblers,Passerines,BirdsSmall,Birds
Canada buffaloberry,Shepherdia canadensis,Shepherdia canadensis,,,0,,Berry,Plants,Shepherdia,Elaeagnaceae,Rosales,Magnoliopsida,Angiosperm,,,,,Plants,Plants
Red-breasted nuthatch,Sitta canadensis,Sitta canadensis,8,13,10.5,https://www.allaboutbirds.org/guide/Red-breasted_Nuthatch/id,,Birds,Sitta,Sittidae,Passeriformes,Aves,Chordata,Red-breasted nuthatch,Nuthatch,Nuthatches,Passerines,BirdsSmall,Birds
Mountain ash,Sorbus americana,Sorbus americana,,,0,,Berry,Plants,Sorbus,Rosaceae,Rosales,,Angiosperm,,,,,Plants,Plants
Arctic shrew,Sorex arcticus,Sorex arcticus,5.3,13.5,9.4,"Gordon L. Kirkland, Jr. , David F. Schmidt, Sorex arcticus, Mammalian Species, Issue 524, 17 May 1996, Pages 1–5, https://doi.org/10.2307/3504217",,Mammals,Sorex,Soricidae,Euliptophyla,,Mammalia,Arctic shrew,Shrew,Shrews,Moles and shrews,MammalsSmall,Mammals
Masked shrew,Sorex cinereus,Sorex cinereus,2.5,6,4.25,"Whitaker, J.O., 2004. Sorex cinereus. Mammalian Species, 2004(743), pp.1-9.",,Mammals,Sorex,Soricidae,Euliptophyla,Mammalia,Chordata,Masked shrew,Shrew,Shrews,Moles and shrews,MammalsSmall,Mammals
Smoky shrew,Sorex fumeus,Sorex fumeus,6.5,9.9,8.2,"James G. Owen, Sorex fumeus, Mammalian Species, Issue 215, 27 April 1984, Pages 1–8, https://doi.org/10.2307/3504058",,Mammals,Sorex,Soricidae,Euliptophyla,Mammalia,Chordata,Smoky shrew,Shrew,Shrews,Moles and shrews,MammalsSmall,Mammals
American pygmy shrew,Sorex hoyi,Sorex hoyi,1,7,4,,,Mammals,Sorex,Soricidae,Euliptophyla,,Mammalia,American pygmy shrew,Shrew,Shrews,Moles and shrews,MammalsSmall,Mammals
Dusky shrew,Sorex monticolus,Sorex monticolus,5.5,7,6.25,"Michael E. Smith , Mark C. Belk, Sorex monticolus, Mammalian Species, Issue 528, 17 May 1996, Pages 1–5, https://doi.org/10.2307/3504177",,Mammals,Sorex,Soricidae,Euliptophyla,Mammalia,Chordata,Dusky shrew,Shrew,Shrews,Moles and shrews,MammalsSmall,Mammals
American water shrew,Sorex palustris,Sorex palustris,8,18,13,"Beneski, J.T. and Stinson, D.W., 1987. Sorex palustris. Mammalian Species, (296), pp.1-6.",,Mammals,Sorex,Soricidae,Euliptophyla,,Mammalia,American water shrew,Shrew,Shrews,Moles and shrews,MammalsSmall,Mammals
Trowbridge's shrew,Sorex trowbridgii,Sorex trowbridgii,4,5,4.5,"George, S.B., 1989. Sorex trowbridgii. Mammalian Species, (337), pp.1-5.",,Mammals,Sorex,Soricidae,Euliptophyla,Mammalia,Chordata,Trowbridge's shrew,Shrew,Shrews,Moles and shrews,MammalsSmall,Mammals
Vagrant shrew,Sorex vagrans,Sorex vagrans,3,8,5.5,"Gillihan, S.W. and Foresman, K.R., 2004. Sorex vagrans. Mammalian Species, 2004(744), pp.1-5.",,Mammals,Sorex,Soricidae,Euliptophyla,Mammalia,Chordata,Vagrant shrew,Shrew,Shrews,Shrews and moles,MammalsSmall,Mammals
Red-breasted sapsucker,Sphyrapicus ruber,Sphyrapicus ruber,53.1,63.5,58.3,https://www.allaboutbirds.org/guide/Red-breasted_Sapsucker/id,,Birds,Sphyrapicus,Picidae,Piciformes,Aves,Chordata,Red-breasted sapsucker,Sapsuckers,Woodpeckers,Woodpeckers,BirdsSmall,Birds
Pine siskin,Spinus pinus ,Spinus pinus ,12,18,15,https://www.allaboutbirds.org/guide/Pine_Siskin/id,,Birds,Spinus,Fringillidae,Passeriformes,Aves,Chordata,Pine siskin,Finch,Finches,Passerines,BirdsSmall,Birds
American goldfinch,Spinus tristis,Spinus tristis,11,20,15.5,https://www.allaboutbirds.org/guide/American_Goldfinch/id,,Birds,Spinus,Fringillidae,Passeriformes,,Aves,American goldfinch,Finch,Finches,Passerines,BirdsSmall,Birds
Watermelon berry,Streptopus amplexifolius,Streptopus amplexifolius,,,0,,,Plants,Streptopus,Liliaceae,Liliales,,Angiosperm,,,,,Plants,Plants
Rose-twisted stalk,Streptopus roseus,Streptopus roseus,,,0,,Berry,Plants,Streptopus,Liliaceae,Liliales,,Angiosperm,,,,,Plants,Plants
Brush rabbit,Sylvilagus bachmani,Sylvilagus bachmani,511,915,713,"Chapman, J.A., 1974. Sylvilagus bachmani. Mammalian Species, (34), pp.1-4.",,Mammals,Sylvilagus,Leporidae,Lagomorpha,Mammalia,Chordata,Brush rabbit,Rabbit,Rabbits,Rabbits and hares,MammalsSmall,Mammals
Eastern cottontail,Sylvilagus floridanus,Sylvilagus floridanus,801,1533,1167,"Joseph A. Chapman, J. Gregory Hockman, Magaly M. Ojeda C., Sylvilagus floridanus, Mammalian Species, Issue 136, 15 April 1980, Pages 1–8, https://doi.org/10.2307/3504055",,Mammals,Sylvilagus,Leporidae,Lagomorpha,Mammalia,Chordata,Eastern cottontail,Rabbit,Rabbits,Rabbits and hares,MammalsSmall,Mammals
Mountain cottontail,Sylvilagus nuttallii,Sylvilagus nuttallii,628,871,749.5,"Joseph A. Chapman, Sylvilagus nuttallii, Mammalian Species, Issue 56, 21 November 1975, Pages 1–3, https://doi.org/10.2307/3503902",,Mammals,Sylvilagus,Leporidae,Lagomorpha,Mammalia,Chordata,Mountain cottontail,Rabbit,Rabbits,Rabbits and hares,MammalsSmall,Mammals
Northern bog lemming ,Synaptomys borealis,Synaptomys borealis,106,131,118.5,"Rose, R.K. and Linzey, A.V., 2021. Synaptomys cooperi (Rodentia: Cricetidae). Mammalian Species, 53(1007), pp.95-111.",,Mammals,Synaptomys,Cricetidae,Rodentia,Mammalia,Chordata,Northern bog lemming ,Lemming,Cricetids,Rodents,MammalsSmall,Mammals
Southern bog lemming,Synaptomys cooperi,Synaptomys cooperi,20,47.4,33.7,"Robert K Rose , Alicia V Linzey, Synaptomys cooperi (Rodentia: Cricetidae), Mammalian Species, Volume 53, Issue 1007, 2 August 2021, Pages 95–111, https://doi.org/10.1093/mspecies/seab009",,Mammals,Synaptomys,Cricetidae,Rodentia,Mammalia,Chordata,Southern bog lemming,Lemming,Cricetids,Rodents,MammalsSmall,Mammals
Tree swallow,Tachycineta bicolor,Tachycineta bicolor,16,25,20.5,https://www.allaboutbirds.org/guide/Tree_Swallow/id,,Birds,Tachycineta,Hirundinidae,Passeriformes,Aves,Chordata,Tree swallow,Swallow,Swallows,Passerines,BirdsSmall,Birds
Yellow-pine chipmunk,Tamias amoenus ,Tamias amoenus ,29,59,44,"Sutton, D.A., 1992. Tamias amoenus. Mammalian species, (390), pp.1-8.",,Mammals,Tamias,Sciuridae,Rodentia,Mammalia,Chordata,Yellow-pine chipmunk,Chipmunk,Squirrels,Rodents,MammalsSmall,Mammals
Least chipmunk,Tamias minimus,Tamias minimus,29,66,47.5,"Verts, B.J. and Carraway, L.N., 2001. Tamias minimus. Mammalian Species, 2001(653), pp.1-10.",,Mammals,Tamias,Sciuridae,Rodentia,Mammalia,Chordata,Least chipmunk,Chipmunk,Squirrels,Rodents,MammalsSmall,Mammals
Eastern chipmunk,Tamias striatus,Tamias striatus,80,125,102.5,"Dana P. Snyder, Tamias striatus, Mammalian Species, Issue 168, 25 May 1982, Pages 1–8, https://doi.org/10.2307/3503819",,Mammals,Tamias,Sciuridae,Rodentia,Mammalia,Chordata,Eastern chipmunk ,Chipmunk,Squirrels,Rodents,MammalsSmall,Mammals
Townsend's chipmunk,Tamias townsendii,Tamias townsendii,109,109,109,https://explorer.natureserve.org/Taxon/ELEMENT_GLOBAL.2.105861/Neotamias_townsendii,,Mammals,Tamias,Sciuridae,Rodentia,Mammalia,Chordata,Townsend's chipmunk,Chipmunk,Squirrels,Rodents,MammalsSmall,Mammals
Douglas squirrel ,Tamiasciurus douglasii,Tamiasciurus douglasii,150,300,225,"Steele, M.A., 1999. Tamiasciurus douglasii. Mammalian Species, (630), pp.1-8.",,Mammals,Tamiasciurus,Sciuridae,Rodentia,Mammalia,Chordata,Douglas squirrel,Red squirrel,Squirrels,Rodents,MammalsSmall,Mammals
Red squirrel,Tamiasciurus hudsonicus,Tamiasciurus hudsonicus,197,282,239.5,"Steele, M.A., 1998. Tamiasciurus hudsonicus. Mammalian species, (586), pp.1-9.",,Mammals,Tamiasciurus,Sciuridae,Rodentia,Mammalia,Chordata,Red squirrel,Red squirrel,Squirrels,Rodents,MammalsSmall,Mammals
American badger,Taxidea taxus,Taxidea taxus,,12000,6000,"Charles A. Long, Taxidea taxus, Mammalian Species, Issue 26, 13 June 1973, Pages 1–4, https://doi.org/10.2307/3504047",,Mammals,Taxidea,Mustelidae,Carnivora,,Mammalia,American badger,Badger,Mustelids,Carnivores,MammalsMedium,Mammals
Canada yew,Taxus canadensis,Taxus canadensis,,,0,,Berry,Plants,Taxus,Taxaceae,Cupressales,Pinopsida,Gymnosperm,,,,,Plants,Plants
Garter snakes,Thamnophis sp.,Thamnophis sp.,120,190,155,https://www.sfzoo.org/pdf/WAAS/3rd%20Grade/WAAS%20garter%20snake%20fact%20sheet%20Grade%203.pdf,,Reptiles,Thamnophis,Colubridae,Squamata,Reptilia,Chordata,Garter snakes,Garter snakes,Constrictors,Lizards and snakes,Reptiles,Reptiles
Botta's pocker gopher,Thomomys bottae,Thomomys bottae,185,185,185,"Cheri A. Jones , Colleen N. Baxter, Thomomys bottae, Mammalian Species, Issue 742, 13 July 2004, Pages 1–14, https://doi.org/10.1644/742",,Mammals,Thomomys,Geomyidae,Rodentia,Mammalia,Chordata,Botta's pocker gopher,Pocket gopher,Pocket gophers,Rodents,MammalsSmall,Mammals
Mountain pocket gopher,Thomomys monticola,Thomomys monticola,91,91,91,https://explorer.natureserve.org/Taxon/ELEMENT_GLOBAL.2.100305/Thomomys_monticola,,Mammals,Thomomys,Geomyidae,Rodentia,Mammalia,Chordata,Mountain pocket gopher,Pocket gopher,Pocket gophers,Rodents,MammalsSmall,Mammals
Northern pocket gopher,Thomomys talpoides,Thomomys talpoides,64,180,122,"Verts, B.J. and Carraway, L.N., 1999. Thomomys talpoides. Mammalian Species, (618), pp.1-11.",,Mammals,Thomomys,Geomyidae,Rodentia,Mammalia,Chordata,Northern pocket gopher,Pocket gopher,Pocket gophers,Rodents,MammalsSmall,Mammals
Horse clam,Tresus capax,Tresus capax,,,0,,,Bivalves,,,,,,,,,,Bivalves,Bivalves
Caddisflies,Trichoptera,Trichoptera,,,0,,,Insects,,,,,,,,,,Insects,Insects
Clover,Trifolium,Trifolium,,,,,,Plants,Trifolium,Fabaceae,Fabales,Magnoliopsida,Angiosperm,,,,,,
Pacific wren,Troglodytes pacificus,Troglodytes pacificus,8,12,10,https://www.allaboutbirds.org/guide/Pacific_Wren/id,,Birds,Troglodytes,Troglodytidae,Passeriformes,Aves,Chordata,Pacific wren,Wren,Wrens,Passerines,BirdsSmall,Birds
Winter wren,Troglodytes troglodytes,Troglodytes troglodytes,8,12,10,https://www.allaboutbirds.org/guide/Winter_Wren/id,,Birds,Troglodytes,Troglodytidae,Passeriformes,Aves,Chordata,Winter wren,Wren,Wrens,Passerines,BirdsSmall,Birds
American robin,Turdus migratorius,Turdus migratorius,77,85,81,https://www.allaboutbirds.org/guide/american_robin,,Birds,Turdus,Turdidae,Passeriformes,,Aves,American robin,Thrush,Thrushes,Passerines,BirdsSmall,Birds
Sharp-tailed grouse,Tympanuchus phasianellus,Tympanuchus phasianellus,596,880,738,https://www.allaboutbirds.org/guide/Sharp-tailed_Grouse/id,,Birds,Tympanuchus,Phasianidae,Galliformes,Aves,Chordata,Sharp-tailed grouse,Grouse,Gamebirds,Gamebirds,BirdsMedium,Birds
Uinta ground squirrel,Urocitellus armatus,Urocitellus armatus,425,425,425,https://explorer.natureserve.org/Taxon/ELEMENT_GLOBAL.2.104586/Urocitellus_armatus,,Mammals,Urocitellus,Sciuridae,Rodentia,Mammalia,Chordata,Uinta ground squirrel,Ground squirrel,Squirrels,Rodents,MammalsMedium,Mammals
Belding's ground squirrel,Urocitellus beldingi,Urocitellus beldingi,150,355,252.5,"Stephen H. Jenkins , Bruce D. Eshelman, Spermophilus beldingi, Mammalian Species, Issue 221, 27 April 1984, Pages 1–8, https://doi.org/10.2307/3503911",,Mammals,Urocitellus,Sciuridae,Rodentia,Mammalia,Chordata,Belding's ground squirrel,Ground squirrels,Squirrels,Rodents,MammalsSmall,Mammals
Columbian ground squirrel,Urocitellus columbianus,Urocitellus columbianus,155,1000,577.5,"BOAG, D. A., and J. 0. MURIE. 1981. Weight in relation to sex, age, and season in Columbian ground squirrels (Sciuridae: Rodentia). Can. J. Zool. 59: 999-1004. ",,Mammals,Urocitellus,Sciuridae,Rodentia,Mammalia,Chordata,Columbian ground squirrel,Ground squirrels,Squirrels,Rodents,MammalsSmall,Mammals
Gray fox,Urocyon cinereoargenteus,Urocyon cinereoargenteus,,,,,,Mammals,Urocyon,Canidae,Carnivora,Mammalia,Chordata,Gray fox,Gray foxes,Canids,Carnivores,MammalsMedium,Mammals
Black bear,Ursus americanus,Ursus americanus,50100,86000,68050,"Serge Larivière, Ursus americanus, Mammalian Species, Issue 647, 23 January 2001, Pages 1–11, https://doi.org/10.2307/0.647.1",,Mammals,Ursus,Ursidae,Carnivora,Mammalia,Chordata,Black bear,Bear,Bears,Carnivores,MammalsLarge,Mammals
Mountain huckleberry,Vaccinium membranaceum,Vaccinium membranaceum,,,0,,Berry,Plants,Vaccinium,Ericaceae,Ericales,Magnoliopsida,Angiosperm,,,,,Plants,Plants
Evergreen huckleberry,Vaccinium ovatum,Vaccinium ovatum,,,0,,Berry,Plants,Vaccinium,Ericaceae,Ericales,Magnoliopsida,Angiosperm,,,,,Plants,Plants
Red huckleberry,Vaccinium parvifolium,Vaccinium parvifolium,,,0,,,Plants,Vaccinium,Ericaceae,Ericales,Magnoliopsida,Angiosperm,,,,,Plants,Plants
Grouseberry,Vaccinium scoparium,Vaccinium scoparium,,,0,,Berry,Plants,Vaccinium,Ericaceae,Ericales,Magnoliopsida,Angiosperm,,,,,Plants,Plants
Bog blueberry,Vaccinium uliginosum,Vaccinium uliginosum,,,0,,Berry,Plants,Vaccinium,Ericaceae,Ericales,Magnoliopsida,Angiosperm,,,,,Plants,Plants
Lowbush blueberry,Vaccinium uligonosum,Vaccinium uligonosum,,,,,,Plants,Vaccinium,Ericaceae,Ericales,Magnoliopsida,Angiosperm,,,,,Plants,Plants
Lingonberry,Vaccinium vitis-idaea,Vaccinium vitis-idaea,,,0,,Berry,Plants,Vaccinium,Ericaceae,Ericales,Magnoliopsida,Angiosperm,,,,,Plants,Plants
Squashberry,Viburnum edule,Viburnum edule,,,0,,Berry,Plants,Viburnum,Adoxaceae,Dipsacales,Magnoliopsida,Angiosperm,,,,,Plants,Plants
Meadow jumping mouse,Zapus hudsonius,Zapus hudsonius,16.1,26.4,21.25,"John O. Whitaker, Jr., Zapus hudsonius, Mammalian Species, Issue 11, 16 June 1972, Pages 1–7, https://doi.org/10.2307/3504066",,Mammals,Zapus,Zapodidae,Rodentia,Mammalia,Chordata,Meadow jumping mouse,Jumping mice,Jumping mice,Rodents,MammalsSmall,Mammals
Western jumping mouse,Zapus princeps,Zapus princeps,17,40,28.5,"Hart, E.B., Belk, M.C., Jordan, E. and Gonzalez, M.W., 2004. Zapus princeps. Mammalian Species, 2004(749), pp.1-7.",,Mammals,Zapus,Zapodidae,Rodentia,Mammalia,Chordata,Western jumping mouse,Jumping mice,Jumping mice,Rodents,MammalsSmall,Mammals
Pacific jumping mouse,Zapus trinotatus,Zapus trinotatus,27.5,27.5,27.5,"William L. Gannon, Zapus trinotatus, Mammalian Species, Issue 315, 30 June 1988, Pages 1–5, https://doi.org/10.2307/3504296",,Mammals,Zapus,Zapodidae,Rodentia,Mammalia,Chordata,Pacific jumping mouse,Jumping mice,Jumping mice,Rodents,MammalsSmall,Mammals
Amphibians,,,,,,,,Amphibians,,,,,Amphibia,,,,,Amphibians,Amphibians
Arachnids,,,,,,,,Insects,,,,,Arachnida,,,,,Insects,Insects
Bees/wasps,,,,,,,,Insects,,,Hymenoptera,Insecta,Arthropoda,,,,,Insects,Insects
Berries,,,,,,,Berry,Plants,,,,Magnoliopsida,Angiosperm,,,,,Plants,Plants
Birds,,,,,,,,Birds,,,Galliformes,Aves,Chordata,,,,Gamebirds,BirdsMedium,Birds
Cervid,,,70000,150000,110000,,,Mammals,,Cervidae,Artiodactyla,Mammalia,Chordata,,,Deer and elk,Even-toed ungulates,MammalsLarge,Mammals
Chickadees,,,,,,,,Birds,,Paridae,Passeriformes,Aves,Chordata,,Chickadee,Chickadees,Passerines,BirdsSmall,Birds
Chipmunks,,,,,,,,Mammals,Tamias,Sciuridae,Rodentia,Mammalia,Chordata,,Chipmunk,Squirrels,Rodents,MammalsSmall,Mammals
Cricetid spp,,,,,,,,Mammals,,Cricetidae,Rodentia,Mammalia,Chordata,,,,,MammalsSmall,Mammals
Crowberry,Empetrum nigrum,,,,0,,Berry,Plants,Empetrum,,,,,,,,,Plants,Plants
Deer,,,70000,150000,110000,,,Mammals,Odocoileus,Cervidae,Artiodactyla,Mammalia,Chordata,,Deer,Deer and elk,Even-toed ungulates,MammalsLarge,Mammals
Ducks,,,,,,,,Birds,,,Anseriformes,Aves,Chordata,,,,Ducks,BirdsMedium,Birds
Fish,,,,,,,,Fishes,,,,Actinopterygii,Chordata,,,,,Fishes,Fishes
Flies,,,,,,,,Insects,,,,Insecta,Chordata,,,,,Insects,Insects
Flying squirrels,,,125,125,125,https://explorer.natureserve.org/Taxon/ELEMENT_GLOBAL.2.1010091/Glaucomys_sabrinus,,Mammals,Glaucomys,Sciuridae,Rodentia,Mammalia,Chordata,,Flying squirrel,Squirrels,Rodents,MammalsSmall,Mammals
Ground squirrel,,,120,394,257,,,Mammals,,Sciuridae,Rodentia,Mammalia,Chordata,,Ground squirrels,Squirrels,Rodents,MammalsSmall,Mammals
Grouse,,,450,750,600,"Rusch, D. H., S. Destefano, M. C. Reynolds, and D. Lauten (2020). Ruffed Grouse (Bonasa umbellus), version 1.0. In Birds of the World (A. F. Poole and F. B. Gill, Editors). Cornell Lab of Ornithology, Ithaca, NY, USA. https://doi.org/10.2173/bow.rufgro.01",,Birds,,Phasianidae,Galliformes,Aves,Chordata,,Grouse,Gamebirds,Gamebirds,BirdsMedium,Birds
Honeysuckle,,,,,,,,Plants,Lonicera,Caprifoliaceae,Dipsacales,Magnoliopsida,Angiosperm,,,,,Plants,Plants
Insects,,,,,,,,Insects,,,,,,,,,,Insects,Insects
Lagomorph,,,,,,,,Mammals,,,Lagomorpha,Mammalia,Chordata,,,Hares,Rabbits and hares,MammalsMedium,Mammals
Lemmings,,,,,,,,Mammals,Synaptomys,Cricetidae,Rodentia,Mammalia,Chordata,,Lemming,Cricetids,Rodents,MammalsSmall,Mammals
Mammals,,,,,,,,Mammals,,,,,,,,,,,Mammals
Moles,,,,,,,,Mammals,,,,,,,,,,MammalsSmall,Mammals
Oaks,,,,,,,,Plants,,,,,,,,,,Plants,Plants
Oysters,,,,,0,,,Bivalves,,,,,,,,,,Bivalves,Bivalves
Passerines,,,,,,,,Birds,,,Passeriformes,Aves,Chordata,,,,Passerines,BirdsSmall,Birds
Pines,,,,,,,,Plants,,,,,,,,,,Plants,Plants
Plants,,,,,,,,Plants,,,,,,,,,,Plants,Plants
Pocket gophers,,,,,,,,Mammals,,,,,,,,,,MammalsSmall,Mammals
Redhorse sucker,,,,,,,,Fishes,,,,,,,,,,Fishes,Fishes
Reptiles,,,,,,,,Reptiles,,,,,,,,,,Reptiles,Reptiles
Ribes spp,,,,,,,,Plants,Ribes,Grossulariaceae,Saxifragales,Magnoliopsida,Angiosperm,,,,,Plants,Plants
Rodent,,,,,,,,Mammals,,,,,,,,,,MammalsSmall,Mammals
Rose,,,,,,,,Plants,,,,,,,,,,Plants,Plants
Salmon,,,,,,,,Fishes,,,,,,,,,,Fishes,Fishes
Shrews,,,,,,,,Mammals,,,,,,,,,,MammalsSmall,Mammals
Snails/slugs,,,,,0,,,Gastropods,,,,,,,,,,Gastropods,Gastropods
Squirrel,,,,,,,,Mammals,,,,,Chordata,,,,,MammalsSmall,Mammals
Strawberries,,,,,,,,Plants,Fragaria,Rosaceae,Rosales,Magnoliopsida,Angiosperm,,,,,Plants,Plants
Voles,,,,,,,,Mammals,,,,,,,,,,MammalsSmall,Mammals
Wasps/bees/ants,,,,,,,,Insects,,,,,,,,,,Insects,Insects
Weasels,,,,,,,,Mammals,,,,,,,,,,MammalsSmall,Mammals
